"","Well","Normal.1","Normal.2","Normal.3","Cancer 1.1","Cancer 1.2","Cancer 1.3","ID","plate"
"1","A01",25.54,25.46,26.05,24.2,24.19,24.33,"hsa-miR-346","Plate 1"
"2","A02",33.56,34.04,33.41,31.71,31.99,31.61,"hsa-miR-196b","Plate 1"
"3","A03",30.86,31.17,31.26,27.41,27.59,27.58,"hsa-miR-214","Plate 1"
"4","A04",28.55,29,29.24,25.93,26.04,25.98,"hsa-miR-223","Plate 1"
"5","A05",26.1,26.1,26.28,24.5,24.68,24.56,"hsa-miR-643","Plate 1"
"6","A06",32.01,32.33,32.7,31.04,31.48,31.45,"hsa-miR-608","Plate 1"
"7","A07",26.27,26.37,26.38,23.77,23.84,23.85,"hsa-miR-376b","Plate 1"
"8","A08",30.02,29.96,30.23,27.76,28.02,27.8,"hsa-miR-944","Plate 1"
"9","A09",27.93,28.37,28.61,27.36,27.53,27.4,"hsa-miR-211","Plate 1"
"10","A10",33.59,33.97,33.49,28.75,29.06,28.85,"hsa-miR-612","Plate 1"
"11","A11",31.81,31.96,31.83,27.96,28,27.86,"hsa-miR-194","Plate 1"
"12","A12",31.85,31.97,31.82,25.7,25.67,25.86,"hsa-miR-411","Plate 1"
"13","A13",31.36,31.73,31.76,26.45,26.59,26.53,"hsa-miR-548c-3p","Plate 1"
"14","A14",29.46,29.52,29.53,25.28,25.36,25.37,"hsa-miR-299-3p","Plate 1"
"15","A15",30.18,30.38,30.68,27.97,28.43,28.16,"hsa-miR-523","Plate 1"
"16","A16",28.29,28.44,28.68,26.9,27.42,27.3,"hsa-miR-382","Plate 1"
"17","A17",34.2,34.06,34.04,33.1,33.29,32.83,"hsa-miR-515-3p","Plate 1"
"18","A18",26.28,26.33,26.52,24.03,24.13,24.02,"hsa-miR-375","Plate 1"
"19","A19",30.49,30.34,30.31,26.73,27.1,26.83,"hsa-miR-196a","Plate 1"
"20","A20",25.46,25.7,25.79,NA,25.16,25.14,"hsa-miR-658","Plate 1"
"21","A21",29.8,29.94,30.28,26.48,26.65,26.57,"hsa-miR-106b","Plate 1"
"22","A22",32.91,NA,33.34,31.12,30.99,31.01,"hsa-miR-210","Plate 1"
"23","A23",27.02,27.25,27.3,24.05,24.19,24.12,"hsa-miR-511","Plate 1"
"24","A24",29.16,29.32,29.35,26.52,26.68,26.82,"hsa-miR-514","Plate 1"
"25","B01",34.26,34.33,35.08,32.71,34.81,33.67,"hsa-miR-659","Plate 1"
"26","B02",24.44,24.36,24.72,24.47,24.66,24.67,"hsa-miR-597","Plate 1"
"27","B03",32.81,32.52,32.48,27.93,28.02,28.01,"hsa-miR-130a","Plate 1"
"28","B04",27.88,27.92,28.19,25.76,25.72,25.8,"hsa-miR-652","Plate 1"
"29","B05",NA,37.32,NA,34.55,33.54,33.76,"hsa-miR-183","Plate 1"
"30","B06",NA,36.8,37.87,33.27,33.79,34.48,"hsa-miR-192","Plate 1"
"31","B07",28.05,28.18,28.21,28.69,29.15,28.92,"hsa-miR-30c","Plate 1"
"32","B08",27.58,27.54,27.65,23.67,23.71,23.69,"hsa-miR-421","Plate 1"
"33","B09",26.96,27.19,27.2,24.22,24.38,24.17,"hsa-miR-512-5p","Plate 1"
"34","B10",29.42,29.52,29.55,24.37,24.51,24.51,"hsa-miR-29c","Plate 1"
"35","B11",26.69,26.96,27.01,25.34,25.5,25.48,"hsa-miR-410","Plate 1"
"36","B12",30.41,30.29,30.38,27.12,27.15,27.19,"hsa-miR-938","Plate 1"
"37","B13",26.35,26.34,26.5,24.08,24.2,24.22,"hsa-miR-641","Plate 1"
"38","B14",25.17,25.17,25.32,22.21,22.35,22.24,"hsa-let-7i","Plate 1"
"39","B15",32.35,32.5,32.59,29.92,30.05,29.95,"hsa-miR-628-3p","Plate 1"
"40","B16",26.22,26.21,26.32,25.18,25.24,25.23,"hsa-miR-188-5p","Plate 1"
"41","B17",25.67,25.79,26.01,25.27,25.39,25.36,"hsa-miR-92a","Plate 1"
"42","B18",27.26,27.43,27.6,25.48,25.62,25.41,"hsa-miR-126","Plate 1"
"43","B19",25.27,25.32,25.39,25.08,25.09,25.14,"hsa-miR-181c","Plate 1"
"44","B20",26.42,26.48,26.64,24,24.03,24.04,"hsa-miR-30b","Plate 1"
"45","B21",27.97,28.17,28.2,24.53,24.6,24.49,"hsa-miR-370","Plate 1"
"46","B22",30.96,31.41,31.39,23.24,23.43,23.33,"hsa-miR-301b","Plate 1"
"47","B23",25.21,25.34,25.45,23.31,23.59,23.62,"hsa-miR-340","Plate 1"
"48","B24",29.12,29.23,29.29,26.2,26.22,26.15,"hsa-miR-15b","Plate 1"
"49","C01",27.59,27.62,27.78,25.11,25.27,25.22,"hsa-miR-330-3p","Plate 1"
"50","C02",27.38,27.53,27.6,24.07,24.15,24.13,"hsa-miR-372","Plate 1"
"51","C03",28.59,28.6,28.69,27.61,27.81,27.71,"hsa-miR-379","Plate 1"
"52","C04",26.91,26.96,27.14,26.2,26.16,26.18,"hsa-miR-93","Plate 1"
"53","C05",27.07,27.07,27.16,24.42,24.52,24.53,"hsa-miR-10a","Plate 1"
"54","C06",27,27.22,27.41,25.4,25.71,25.68,"hsa-miR-193b","Plate 1"
"55","C07",25.79,25.86,26.02,23.13,23.61,23.51,"hsa-miR-651","Plate 1"
"56","C08",26.69,26.57,26.88,27.49,27.46,27.69,"hsa-miR-618","Plate 1"
"57","C09",27.35,27.69,27.73,27.79,28.01,28.08,"hsa-miR-518a-3p","Plate 1"
"58","C10",29.35,29.56,29.77,27.91,28.11,28.14,"hsa-miR-647","Plate 1"
"59","C11",27.76,28.03,28.26,25.47,25.6,25.57,"hsa-miR-15a","Plate 1"
"60","C12",28.55,28.73,28.85,25.29,25.41,25.39,"hsa-miR-564","Plate 1"
"61","C13",29.63,29.52,29.89,25.6,25.73,25.69,"hsa-miR-548d-3p","Plate 1"
"62","C14",27.29,27.31,27.47,22.91,23.04,23.02,"hsa-miR-371-3p","Plate 1"
"63","C15",26.17,26.21,26.38,24.4,24.56,24.47,"hsa-miR-190","Plate 1"
"64","C16",35.94,36.02,36.14,32.89,32.67,32.79,"hsa-miR-33a","Plate 1"
"65","C17",25.36,25.37,25.49,24.45,24.71,24.57,"hsa-miR-504","Plate 1"
"66","C18",39.26,37.24,35.58,24.1,24.14,24.13,"hsa-miR-18b","Plate 1"
"67","C19",27.78,27.83,28.01,24.51,25.01,24.87,"hsa-miR-506","Plate 1"
"68","C20",28.82,28.94,29.06,31.07,31.36,31.08,"hsa-miR-324-5p","Plate 1"
"69","C21",29.1,29.08,29.29,26.79,26.72,26.8,"hsa-miR-215","Plate 1"
"70","C22",30.85,30.58,31.03,28.92,29.03,28.99,"hsa-miR-200c","Plate 1"
"71","C23",36.58,NA,36.69,31.31,31.1,31.41,"hsa-miR-95","Plate 1"
"72","C24",25.88,26.08,26.06,24.06,24.15,24.13,"hsa-miR-376a","Plate 1"
"73","D01",27.25,27.12,27.36,24.81,24.99,25,"hsa-miR-29a","Plate 1"
"74","D02",25.53,25.64,25.78,23.11,23.21,23.14,"hsa-miR-26b","Plate 1"
"75","D03",23.16,23.26,23.33,21.31,21.41,21.37,"hsa-let-7a","Plate 1"
"76","D04",35.82,36.96,NA,34.1,34.27,34.25,"hsa-miR-770-5p","Plate 1"
"77","D05",34.39,33.94,35.42,30.14,29.97,30.07,"hsa-let-7g","Plate 1"
"78","D06",28.09,28.05,28.11,25.61,25.83,25.95,"hsa-miR-25","Plate 1"
"79","D07",29.43,29.36,29.69,28.19,28.55,28.42,"hsa-miR-532-5p","Plate 1"
"80","D08",31.4,31.41,31.37,28.37,28.82,28.78,"hsa-miR-563","Plate 1"
"81","D09",25.69,25.89,25.96,24.71,24.35,24.44,"hsa-miR-433","Plate 1"
"82","D10",32.22,32.34,32.46,30.12,30.24,30.1,"hsa-miR-144","Plate 1"
"83","D11",28.69,28.99,29.19,29,29.12,28.97,"hsa-miR-501-5p","Plate 1"
"84","D12",26.38,26.67,26.62,24.62,24.63,24.76,"hsa-miR-425","Plate 1"
"85","D13",19.73,19.76,19.9,16.75,16.81,16.9,"hsa-miR-32","Plate 1"
"86","D14",28,27.94,28.17,25.03,25.05,25.01,"hsa-miR-621","Plate 1"
"87","D15",23.02,23.05,23.19,20.54,20.64,20.65,"hsa-miR-505","Plate 1"
"88","D16",21.06,21.09,21.17,17.99,18.07,18.05,"hsa-miR-633","Plate 1"
"89","D17",20.26,20.33,20.45,18.39,18.41,18.44,"hsa-miR-744","Plate 1"
"90","D18",NA,35.6,39,37.86,38.02,37.93,"hsa-miR-26a","Plate 1"
"91","D19",23.13,23.2,23.31,23.24,23.35,23.42,"hsa-miR-28-5p","Plate 1"
"92","D20",23.19,23.18,23.31,23.2,23.4,23.4,"hsa-miR-581","Plate 1"
"93","D21",23.23,23.25,23.32,23.29,23.41,23.43,"hsa-miR-10b","Plate 1"
"94","D22",20.72,20.82,20.95,21.01,20.83,20.93,"hsa-miR-576-5p","Plate 1"
"95","D23",20.71,20.6,20.8,20.91,20.72,20.8,"hsa-miR-555","Plate 1"
"96","D24",21.01,20.64,20.66,20.43,20.51,20.82,"hsa-miR-605","Plate 1"
"97","E01",25.54,25.46,26.05,31.71,31.99,31.61,"hsa-miR-520d-3p","Plate 1"
"98","E02",33.56,34.04,33.41,27.41,27.59,27.58,"hsa-miR-455-5p","Plate 1"
"99","E03",30.86,31.17,31.26,25.93,26.04,25.98,"hsa-miR-497","Plate 1"
"100","E04",28.55,29,29.24,24.5,24.68,24.56,"hsa-miR-646","Plate 1"
"101","E05",26.1,26.1,26.28,31.04,31.48,31.45,"hsa-miR-548b-3p","Plate 1"
"102","E06",32.01,32.33,32.7,23.77,23.84,23.85,"hsa-miR-24","Plate 1"
"103","E07",26.27,26.37,26.38,27.76,28.02,27.8,"hsa-miR-522","Plate 1"
"104","E08",30.02,29.96,30.23,27.36,27.53,27.4,"hsa-miR-575","Plate 1"
"105","E09",27.93,28.37,28.61,28.75,29.06,28.85,"hsa-miR-187","Plate 1"
"106","E10",33.59,33.97,33.49,27.96,28,27.86,"hsa-miR-615-3p","Plate 1"
"107","E11",31.81,31.96,31.83,25.7,25.67,25.86,"hsa-miR-18a","Plate 1"
"108","E12",31.85,31.97,31.82,26.45,26.59,26.53,"hsa-miR-222","Plate 1"
"109","E13",31.36,31.73,31.76,25.28,25.36,25.37,"hsa-miR-9","Plate 1"
"110","E14",29.46,29.52,29.53,27.97,28.43,28.16,"hsa-miR-125b","Plate 1"
"111","E15",30.18,30.38,30.68,26.9,27.42,27.3,"hsa-miR-365","Plate 1"
"112","E16",28.29,28.44,28.68,33.1,33.29,32.83,"hsa-miR-325","Plate 1"
"113","E17",34.2,34.06,34.04,24.03,24.13,24.02,"hsa-miR-184","Plate 1"
"114","E18",26.28,26.33,26.52,26.73,27.1,26.83,"hsa-miR-660","Plate 1"
"115","E19",30.49,30.34,30.31,NA,25.16,25.14,"hsa-miR-148b","Plate 1"
"116","E20",25.46,25.7,25.79,26.48,26.65,26.57,"hsa-let-7c","Plate 1"
"117","E21",29.8,29.94,30.28,31.12,30.99,31.01,"hsa-miR-542-3p","Plate 1"
"118","E22",32.91,NA,33.34,24.05,24.19,24.12,"hsa-miR-558","Plate 1"
"119","E23",27.02,27.25,27.3,26.52,26.68,26.82,"hsa-miR-579","Plate 1"
"120","E24",29.16,29.32,29.35,32.71,34.81,33.67,"hsa-miR-595","Plate 1"
"121","F01",34.26,34.33,35.08,24.47,24.66,24.67,"hsa-miR-185","Plate 1"
"122","F02",24.44,24.36,24.72,27.93,28.02,28.01,"hsa-miR-362-5p","Plate 1"
"123","F03",32.81,32.52,32.48,25.76,25.72,25.8,"hsa-miR-376c","Plate 1"
"124","F04",27.88,27.92,28.19,34.55,33.54,33.76,"hsa-miR-542-5p","Plate 1"
"125","F05",NA,37.32,NA,33.27,33.79,34.48,"hsa-miR-155","Plate 1"
"126","F06",NA,36.8,37.87,28.69,29.15,28.92,"hsa-miR-200a*","Plate 1"
"127","F07",28.05,28.18,28.21,23.67,23.71,23.69,"hsa-miR-648","Plate 1"
"128","F08",27.58,27.54,27.65,24.22,24.38,24.17,"hsa-miR-206","Plate 1"
"129","F09",26.96,27.19,27.2,24.37,24.51,24.51,"hsa-miR-363","Plate 1"
"130","F10",29.42,29.52,29.55,25.34,25.5,25.48,"hsa-miR-124","Plate 1"
"131","F11",26.69,26.96,27.01,27.12,27.15,27.19,"hsa-miR-148a","Plate 1"
"132","F12",30.41,30.29,30.38,24.08,24.2,24.22,"hsa-miR-650","Plate 1"
"133","F13",26.35,26.34,26.5,22.21,22.35,22.24,"hsa-miR-132","Plate 1"
"134","F14",25.17,25.17,25.32,29.92,30.05,29.95,"hsa-miR-559","Plate 1"
"135","F15",32.35,32.5,32.59,25.18,25.24,25.23,"hsa-miR-369-5p","Plate 1"
"136","F16",26.22,26.21,26.32,25.27,25.39,25.36,"hsa-miR-484","Plate 1"
"137","F17",25.67,25.79,26.01,25.48,25.62,25.41,"hsa-miR-524-3p","Plate 1"
"138","F18",27.26,27.43,27.6,25.08,25.09,25.14,"hsa-miR-616*","Plate 1"
"139","F19",25.27,25.32,25.39,24,24.03,24.04,"hsa-miR-423-3p","Plate 1"
"140","F20",26.42,26.48,26.64,24.53,24.6,24.49,"hsa-miR-556-5p","Plate 1"
"141","F21",27.97,28.17,28.2,23.24,23.43,23.33,"hsa-miR-619","Plate 1"
"142","F22",30.96,31.41,31.39,23.31,23.59,23.62,"hsa-miR-424","Plate 1"
"143","F23",25.21,25.34,25.45,26.2,26.22,26.15,"hsa-miR-622","Plate 1"
"144","F24",29.12,29.23,29.29,25.11,25.27,25.22,"hsa-miR-582-5p","Plate 1"
"145","G01",27.59,27.62,27.78,24.07,24.15,24.13,"hsa-miR-549","Plate 1"
"146","G02",27.38,27.53,27.6,27.61,27.81,27.71,"hsa-miR-486-5p","Plate 1"
"147","G03",28.59,28.6,28.69,26.2,26.16,26.18,"hsa-miR-302c","Plate 1"
"148","G04",26.91,26.96,27.14,24.42,24.52,24.53,"hsa-miR-125a-5p","Plate 1"
"149","G05",27.07,27.07,27.16,25.4,25.71,25.68,"hsa-miR-20b","Plate 1"
"150","G06",27,27.22,27.41,23.13,23.61,23.51,"hsa-miR-630","Plate 1"
"151","G07",25.79,25.86,26.02,27.49,27.46,27.69,"hsa-miR-525-3p","Plate 1"
"152","G08",26.69,26.57,26.88,27.79,28.01,28.08,"hsa-miR-512-3p","Plate 1"
"153","G09",27.35,27.69,27.73,27.91,28.11,28.14,"hsa-miR-384","Plate 1"
"154","G10",29.35,29.56,29.77,25.47,25.6,25.57,"hsa-miR-186","Plate 1"
"155","G11",27.76,28.03,28.26,25.29,25.41,25.39,"hsa-miR-149","Plate 1"
"156","G12",28.55,28.73,28.85,25.6,25.73,25.69,"hsa-miR-146b-5p","Plate 1"
"157","G13",29.63,29.52,29.89,22.91,23.04,23.02,"hsa-miR-141","Plate 1"
"158","G14",27.29,27.31,27.47,24.4,24.56,24.47,"hsa-miR-23b","Plate 1"
"159","G15",26.17,26.21,26.38,32.89,32.67,32.79,"hsa-miR-487b","Plate 1"
"160","G16",35.94,36.02,36.14,24.45,24.71,24.57,"hsa-miR-422a","Plate 1"
"161","G17",25.36,25.37,25.49,24.1,24.14,24.13,"hsa-miR-635","Plate 1"
"162","G18",39.26,37.24,35.58,24.51,25.01,24.87,"hsa-miR-296-5p","Plate 1"
"163","G19",27.78,27.83,28.01,31.07,31.36,31.08,"hsa-miR-152","Plate 1"
"164","G20",28.82,28.94,29.06,26.79,26.72,26.8,"hsa-miR-22","Plate 1"
"165","G21",29.1,29.08,29.29,28.92,29.03,28.99,"hsa-miR-450a","Plate 1"
"166","G22",30.85,30.58,31.03,31.31,31.1,31.41,"hsa-miR-212","Plate 1"
"167","G23",36.58,NA,36.69,24.06,24.15,24.13,"hsa-miR-361-5p","Plate 1"
"168","G24",25.88,26.08,26.06,24.81,24.99,25,"hsa-miR-429","Plate 1"
"169","H01",27.25,27.12,27.36,23.11,23.21,23.14,"hsa-miR-23a","Plate 1"
"170","H02",25.53,25.64,25.78,21.31,21.41,21.37,"hsa-miR-208a","Plate 1"
"171","H03",23.16,23.26,23.33,34.1,34.27,34.25,"hsa-miR-485-3p","Plate 1"
"172","H04",35.82,36.96,NA,30.14,29.97,30.07,"hsa-miR-487a","Plate 1"
"173","H05",34.39,33.94,35.42,25.61,25.83,25.95,"hsa-miR-19b","Plate 1"
"174","H06",28.09,28.05,28.11,28.19,28.55,28.42,"hsa-miR-488","Plate 1"
"175","H07",29.43,29.36,29.69,28.37,28.82,28.78,"hsa-miR-449a","Plate 1"
"176","H08",31.4,31.41,31.37,24.71,24.35,24.44,"hsa-miR-103a","Plate 1"
"177","H09",25.69,25.89,25.96,30.12,30.24,30.1,"hsa-miR-649","Plate 1"
"178","H10",32.22,32.34,32.46,29,29.12,28.97,"hsa-miR-96","Plate 1"
"179","H11",28.69,28.99,29.19,24.62,24.63,24.76,"hsa-miR-203","Plate 1"
"180","H12",26.38,26.67,26.62,16.75,16.81,16.9,"hsa-miR-142-3p","Plate 1"
"181","H13",19.73,19.76,19.9,25.03,25.05,25.01,"hsa-miR-639","Plate 1"
"182","H14",28,27.94,28.17,20.54,20.64,20.65,"hsa-miR-551a","Plate 1"
"183","H15",23.02,23.05,23.19,17.99,18.07,18.05,"hsa-miR-769-5p","Plate 1"
"184","H16",21.06,21.09,21.17,18.39,18.41,18.44,"hsa-miR-562","Plate 1"
"185","H17",20.26,20.33,20.45,37.86,38.02,37.93,"hsa-miR-657","Plate 1"
"186","H18",32,35.6,39,23.24,23.35,23.42,"hsa-miR-624*","Plate 1"
"187","H19",23.13,23.2,23.31,23.2,23.4,23.4,"hsa-miR-610","Plate 1"
"188","H20",23.19,23.18,23.31,23.29,23.41,23.43,"hsa-miR-127-3p","Plate 1"
"189","H21",23.23,23.25,23.32,21.01,20.83,20.93,"hsa-miR-134","Plate 1"
"190","H22",20.72,20.82,20.95,20.91,20.72,20.8,"hsa-miR-412","Plate 1"
"191","H23",20.71,20.6,20.8,20.43,20.51,20.82,"hsa-let-7f","Plate 1"
"192","H24",21.01,20.64,20.66,24.2,24.19,24.33,"hsa-miR-566","Plate 1"
"193","I01",25.54,25.46,26.05,31.12,30.99,31.01,"hsa-miR-492","Plate 1"
"194","I02",33.56,34.04,33.41,24.05,24.19,24.12,"hsa-miR-122","Plate 1"
"195","I03",30.86,31.17,31.26,26.52,26.68,26.82,"hsa-miR-518b","Plate 1"
"196","I04",28.55,29,29.24,32.71,34.81,33.67,"hsa-miR-585","Plate 1"
"197","I05",26.1,26.1,26.28,24.47,24.66,24.67,"hsa-miR-34a","Plate 1"
"198","I06",32.01,32.33,32.7,27.93,28.02,28.01,"hsa-miR-502-5p","Plate 1"
"199","I07",26.27,26.37,26.38,25.76,25.72,25.8,"hsa-miR-452","Plate 1"
"200","I08",30.02,29.96,30.23,34.55,33.54,33.76,"hsa-miR-508-3p","Plate 1"
"201","I09",27.93,28.37,28.61,33.27,33.79,34.48,"hsa-miR-607","Plate 1"
"202","I10",33.59,33.97,33.49,28.69,29.15,28.92,"hsa-miR-133b","Plate 1"
"203","I11",31.81,31.96,31.83,23.67,23.71,23.69,"hsa-miR-143","Plate 1"
"204","I12",31.85,31.97,31.82,24.22,24.38,24.17,"hsa-miR-766","Plate 1"
"205","I13",31.36,31.73,31.76,24.37,24.51,24.51,"hsa-miR-600","Plate 1"
"206","I14",29.46,29.52,29.53,25.34,25.5,25.48,"hsa-miR-142-5p","Plate 1"
"207","I15",30.18,30.38,30.68,27.12,27.15,27.19,"hsa-miR-202","Plate 1"
"208","I16",28.29,28.44,28.68,24.08,24.2,24.22,"hsa-miR-19a","Plate 1"
"209","I17",34.2,34.06,34.04,22.21,22.35,22.24,"hsa-miR-583","Plate 1"
"210","I18",26.28,26.33,26.52,29.92,30.05,29.95,"hsa-miR-448","Plate 1"
"211","I19",30.49,30.34,30.31,25.18,25.24,25.23,"hsa-miR-130b","Plate 1"
"212","I20",25.46,25.7,25.79,25.27,25.39,25.36,"hsa-miR-128","Plate 1"
"213","I21",29.8,29.94,30.28,25.48,25.62,25.41,"hsa-miR-454","Plate 1"
"214","I22",32.91,NA,33.34,25.08,25.09,25.14,"hsa-miR-524-5p","Plate 1"
"215","I23",27.02,27.25,27.3,24,24.03,24.04,"hsa-miR-182","Plate 1"
"216","I24",29.16,29.32,29.35,24.53,24.6,24.49,"hsa-miR-495","Plate 1"
"217","J01",34.26,34.33,35.08,23.24,23.43,23.33,"hsa-miR-335","Plate 1"
"218","J02",24.44,24.36,24.72,23.31,23.59,23.62,"hsa-miR-135b","Plate 1"
"219","J03",32.81,32.52,32.48,26.2,26.22,26.15,"hsa-miR-34c-5p","Plate 1"
"220","J04",27.88,27.92,28.19,25.11,25.27,25.22,"hsa-miR-1","Plate 1"
"221","J05",NA,37.32,NA,24.07,24.15,24.13,"hsa-miR-662","Plate 1"
"222","J06",NA,36.8,37.87,27.61,27.81,27.71,"hsa-miR-27a","Plate 1"
"223","J07",28.05,28.18,28.21,26.2,26.16,26.18,"hsa-miR-320a","Plate 1"
"224","J08",27.58,27.54,27.65,24.42,24.52,24.53,"hsa-miR-942","Plate 1"
"225","J09",26.96,27.19,27.2,25.4,25.71,25.68,"hsa-miR-591","Plate 1"
"226","J10",29.42,29.52,29.55,23.13,23.61,23.51,"hsa-miR-16","Plate 1"
"227","J11",26.69,26.96,27.01,27.49,27.46,27.69,"hsa-miR-100","Plate 1"
"228","J12",30.41,30.29,30.38,27.79,28.01,28.08,"hsa-miR-626","Plate 1"
"229","J13",26.35,26.34,26.5,27.91,28.11,28.14,"hsa-miR-758","Plate 1"
"230","J14",25.17,25.17,25.32,25.47,25.6,25.57,"hsa-let-7e","Plate 1"
"231","J15",32.35,32.5,32.59,25.29,25.41,25.39,"hsa-miR-493","Plate 1"
"232","J16",26.22,26.21,26.32,25.6,25.73,25.69,"hsa-miR-374a","Plate 1"
"233","J17",25.67,25.79,26.01,22.91,23.04,23.02,"hsa-miR-129-5p","Plate 1"
"234","J18",27.26,27.43,27.6,24.4,24.56,24.47,"hsa-miR-589","Plate 1"
"235","J19",25.27,25.32,25.39,32.89,32.67,32.79,"hsa-miR-518d-3p","Plate 1"
"236","J20",26.42,26.48,26.64,24.45,24.71,24.57,"hsa-miR-571","Plate 1"
"237","J21",27.97,28.17,28.2,24.1,24.14,24.13,"hsa-miR-623","Plate 1"
"238","J22",30.96,31.41,31.39,24.51,25.01,24.87,"hsa-miR-338-3p","Plate 1"
"239","J23",25.21,25.34,25.45,31.07,31.36,31.08,"hsa-miR-138","Plate 1"
"240","J24",29.12,29.23,29.29,26.79,26.72,26.8,"hsa-miR-27b","Plate 1"
"241","K01",27.59,27.62,27.78,28.92,29.03,28.99,"hsa-miR-637","Plate 1"
"242","K02",27.38,27.53,27.6,31.31,31.1,31.41,"hsa-miR-383","Plate 1"
"243","K03",28.59,28.6,28.69,24.06,24.15,24.13,"hsa-miR-195","Plate 1"
"244","K04",26.91,26.96,27.14,24.81,24.99,25,"hsa-miR-513a-5p","Plate 1"
"245","K05",27.07,27.07,27.16,23.11,23.21,23.14,"hsa-miR-548a-5p","Plate 1"
"246","K06",27,27.22,27.41,21.31,21.41,21.37,"hsa-miR-519e*","Plate 1"
"247","K07",25.79,25.86,26.02,34.1,34.27,34.25,"hsa-miR-362-3p","Plate 1"
"248","K08",26.69,26.57,26.88,30.14,29.97,30.07,"hsa-miR-342-3p","Plate 1"
"249","K09",27.35,27.69,27.73,25.61,25.83,25.95,"hsa-miR-587","Plate 1"
"250","K10",29.35,29.56,29.77,28.19,28.55,28.42,"hsa-miR-331-3p","Plate 1"
"251","K11",27.76,28.03,28.26,28.37,28.82,28.78,"hsa-miR-877","Plate 1"
"252","K12",28.55,28.73,28.85,24.71,24.35,24.44,"hsa-miR-329","Plate 1"
"253","K13",29.63,29.52,29.89,30.12,30.24,30.1,"hsa-miR-140-3p","Plate 1"
"254","K14",27.29,27.31,27.47,29,29.12,28.97,"hsa-miR-590-5p","Plate 1"
"255","K15",26.17,26.21,26.38,24.62,24.63,24.76,"hsa-miR-548c-5p","Plate 1"
"256","K16",35.94,36.02,36.14,16.75,16.81,16.9,"hsa-miR-135a","Plate 1"
"257","K17",25.36,25.37,25.49,25.03,25.05,25.01,"hsa-miR-501-3p","Plate 1"
"258","K18",39.26,37.24,35.58,20.54,20.64,20.65,"hsa-miR-219-5p","Plate 1"
"259","K19",27.78,27.83,28.01,17.99,18.07,18.05,"hsa-miR-378","Plate 1"
"260","K20",28.82,28.94,29.06,18.39,18.41,18.44,"hsa-miR-139-5p","Plate 1"
"261","K21",29.1,29.08,29.29,37.86,38.02,37.93,"hsa-miR-935","Plate 1"
"262","K22",30.85,30.58,31.03,23.24,23.35,23.42,"hsa-miR-515-5p","Plate 1"
"263","K23",36.58,NA,36.69,23.2,23.4,23.4,"hsa-miR-331-5p","Plate 1"
"264","K24",25.88,26.08,26.06,23.29,23.41,23.43,"hsa-miR-496","Plate 1"
"265","L01",27.25,27.12,27.36,21.01,20.83,20.93,"hsa-miR-885-5p","Plate 1"
"266","L02",25.53,25.64,25.78,20.91,20.72,20.8,"hsa-miR-629","Plate 1"
"267","L03",23.16,23.26,23.33,20.43,20.51,20.82,"hsa-miR-502-3p","Plate 1"
"268","L04",35.82,36.96,NA,31.71,31.99,31.61,"hsa-miR-99a","Plate 1"
"269","L05",34.39,33.94,35.42,27.41,27.59,27.58,"hsa-miR-767-5p","Plate 1"
"270","L06",28.09,28.05,28.11,25.93,26.04,25.98,"hsa-miR-380","Plate 1"
"271","L07",29.43,29.36,29.69,24.5,24.68,24.56,"hsa-miR-197","Plate 1"
"272","L08",31.4,31.41,31.37,31.04,31.48,31.45,"hsa-miR-578","Plate 1"
"273","L09",25.69,25.89,25.96,23.77,23.84,23.85,"hsa-let-7b","Plate 1"
"274","L10",32.22,32.34,32.46,27.76,28.02,27.8,"hsa-miR-518c","Plate 1"
"275","L11",28.69,28.99,29.19,27.36,27.53,27.4,"hsa-miR-181b","Plate 1"
"276","L12",26.38,26.67,26.62,28.75,29.06,28.85,"hsa-miR-937","Plate 1"
"277","L13",19.73,19.76,19.9,27.96,28,27.86,"hsa-miR-432","Plate 1"
"278","L14",28,27.94,28.17,25.7,25.67,25.86,"hsa-miR-7","Plate 1"
"279","L15",23.02,23.05,23.19,26.45,26.59,26.53,"hsa-miR-302b","Plate 1"
"280","L16",21.06,21.09,21.17,25.28,25.36,25.37,"hsa-miR-489","Plate 1"
"281","L17",20.26,20.33,20.45,27.97,28.43,28.16,"hsa-miR-20a","Plate 1"
"282","L18",NA,35.6,39,26.9,27.42,27.3,"hsa-miR-337-3p","Plate 1"
"283","L19",23.13,23.2,23.31,33.1,33.29,32.83,"hsa-miR-567","Plate 1"
"284","L20",23.19,23.18,23.31,24.03,24.13,24.02,"hsa-miR-218","Plate 1"
"285","L21",23.23,23.25,23.32,26.73,27.1,26.83,"hsa-miR-101","Plate 1"
"286","L22",20.72,20.82,20.95,NA,25.16,25.14,"hsa-miR-205","Plate 1"
"287","L23",20.71,20.6,20.8,26.48,26.65,26.57,"hsa-miR-613","Plate 1"
"288","L24",21.01,20.64,20.66,31.12,30.99,31.01,"hsa-miR-98","Plate 1"
"289","M01",25.54,25.46,26.05,24.05,24.19,24.12,"hsa-miR-369-3p","Plate 1"
"290","M02",33.56,34.04,33.41,26.52,26.68,26.82,"hsa-miR-190b","Plate 1"
"291","M03",30.86,31.17,31.26,32.71,34.81,33.67,"hsa-miR-345","Plate 1"
"292","M04",28.55,29,29.24,31.12,30.99,31.01,"hsa-miR-219-2-3p","Plate 1"
"293","M05",26.1,26.1,26.28,24.05,24.19,24.12,"hsa-miR-21","Plate 1"
"294","M06",32.01,32.33,32.7,26.52,26.68,26.82,"hsa-miR-554","Plate 1"
"295","M07",26.27,26.37,26.38,32.71,34.81,33.67,"hsa-miR-361-3p","Plate 1"
"296","M08",30.02,29.96,30.23,24.47,24.66,24.67,"hsa-miR-193a-5p","Plate 1"
"297","M09",27.93,28.37,28.61,27.93,28.02,28.01,"hsa-miR-548d-5p","Plate 1"
"298","M10",33.59,33.97,33.49,25.76,25.72,25.8,"hsa-miR-498","Plate 1"
"299","M11",31.81,31.96,31.83,34.55,33.54,33.76,"hsa-miR-576-3p","Plate 1"
"300","M12",31.85,31.97,31.82,33.27,33.79,34.48,"hsa-miR-518f*","Plate 1"
"301","M13",31.36,31.73,31.76,28.69,29.15,28.92,"hsa-miR-208b","Plate 1"
"302","M14",29.46,29.52,29.53,23.67,23.71,23.69,"hsa-miR-191","Plate 1"
"303","M15",30.18,30.38,30.68,24.22,24.38,24.17,"hsa-miR-532-3p","Plate 1"
"304","M16",28.29,28.44,28.68,24.37,24.51,24.51,"hsa-miR-544","Plate 1"
"305","M17",34.2,34.06,34.04,25.34,25.5,25.48,"hsa-miR-188-3p","Plate 1"
"306","M18",26.28,26.33,26.52,27.12,27.15,27.19,"hsa-miR-431","Plate 1"
"307","M19",30.49,30.34,30.31,24.08,24.2,24.22,"hsa-miR-543","Plate 1"
"308","M20",25.46,25.7,25.79,22.21,22.35,22.24,"hsa-miR-30d","Plate 1"
"309","M21",29.8,29.94,30.28,29.92,30.05,29.95,"hsa-miR-129-3p","Plate 1"
"310","M22",32.91,NA,33.34,25.18,25.24,25.23,"hsa-miR-30a","Plate 1"
"311","M23",27.02,27.25,27.3,25.27,25.39,25.36,"hsa-miR-140-5p","Plate 1"
"312","M24",29.16,29.32,29.35,25.48,25.62,25.41,"hsa-miR-151-3p","Plate 1"
"313","N01",34.26,34.33,35.08,25.08,25.09,25.14,"hsa-miR-551b","Plate 1"
"314","N02",24.44,24.36,24.72,24,24.03,24.04,"hsa-miR-181d","Plate 1"
"315","N03",32.81,32.52,32.48,24.53,24.6,24.49,"hsa-miR-588","Plate 1"
"316","N04",27.88,27.92,28.19,23.24,23.43,23.33,"hsa-miR-520g","Plate 1"
"317","N05",NA,37.32,NA,23.31,23.59,23.62,"hsa-miR-105","Plate 1"
"318","N06",NA,36.8,37.87,26.2,26.22,26.15,"hsa-miR-520e","Plate 1"
"319","N07",28.05,28.18,28.21,25.11,25.27,25.22,"hsa-miR-545","Plate 1"
"320","N08",27.58,27.54,27.65,24.07,24.15,24.13,"hsa-miR-302a","Plate 1"
"321","N09",26.96,27.19,27.2,27.61,27.81,27.71,"hsa-miR-29b","Plate 1"
"322","N10",29.42,29.52,29.55,26.2,26.16,26.18,"hsa-miR-632","Plate 1"
"323","N11",26.69,26.96,27.01,24.42,24.52,24.53,"hsa-miR-802","Plate 1"
"324","N12",30.41,30.29,30.38,25.4,25.71,25.68,"hsa-miR-590-3p","Plate 1"
"325","N13",26.35,26.34,26.5,23.13,23.61,23.51,"hsa-let-7d","Plate 1"
"326","N14",25.17,25.17,25.32,27.49,27.46,27.69,"hsa-miR-147","Plate 1"
"327","N15",32.35,32.5,32.59,27.79,28.01,28.08,"hsa-miR-519c-3p","Plate 1"
"328","N16",26.22,26.21,26.32,27.91,28.11,28.14,"hsa-miR-580","Plate 1"
"329","N17",25.67,25.79,26.01,25.47,25.6,25.57,"hsa-miR-373","Plate 1"
"330","N18",27.26,27.43,27.6,25.29,25.41,25.39,"hsa-miR-181a","Plate 1"
"331","N19",25.27,25.32,25.39,25.6,25.73,25.69,"hsa-miR-301a","Plate 1"
"332","N20",26.42,26.48,26.64,22.91,23.04,23.02,"hsa-miR-28-3p","Plate 1"
"333","N21",27.97,28.17,28.2,24.4,24.56,24.47,"hsa-miR-137","Plate 1"
"334","N22",30.96,31.41,31.39,32.89,32.67,32.79,"hsa-miR-875-3p","Plate 1"
"335","N23",25.21,25.34,25.45,24.45,24.71,24.57,"hsa-miR-127-5p","Plate 1"
"336","N24",29.12,29.23,29.29,24.1,24.14,24.13,"hsa-miR-339-5p","Plate 1"
"337","O01",27.59,27.62,27.78,24.51,25.01,24.87,"hsa-miR-873","Plate 1"
"338","O02",27.38,27.53,27.6,31.07,31.36,31.08,"hsa-miR-146a","Plate 1"
"339","O03",28.59,28.6,28.69,26.79,26.72,26.8,"hsa-miR-150","Plate 1"
"340","O04",26.91,26.96,27.14,28.92,29.03,28.99,"hsa-miR-298","Plate 1"
"341","O05",27.07,27.07,27.16,31.31,31.1,31.41,"hsa-miR-17*","Plate 1"
"342","O06",27,27.22,27.41,24.06,24.15,24.13,"hsa-miR-455-3p","Plate 1"
"343","O07",25.79,25.86,26.02,24.81,24.99,25,"hsa-miR-30e","Plate 1"
"344","O08",26.69,26.57,26.88,23.11,23.21,23.14,"hsa-miR-151-5p","Plate 1"
"345","O09",27.35,27.69,27.73,21.31,21.41,21.37,"hsa-let-7a*","Plate 1"
"346","O10",29.35,29.56,29.77,34.1,34.27,34.25,"hsa-let-7b*","Plate 1"
"347","O11",27.76,28.03,28.26,30.14,29.97,30.07,"hsa-let-7d*","Plate 1"
"348","O12",28.55,28.73,28.85,25.61,25.83,25.95,"hsa-let-7f-1*","Plate 1"
"349","O13",29.63,29.52,29.89,28.19,28.55,28.42,"hsa-let-7f-2*","Plate 1"
"350","O14",27.29,27.31,27.47,28.37,28.82,28.78,"hsa-let-7g*","Plate 1"
"351","O15",26.17,26.21,26.38,24.71,24.35,24.44,"hsa-let-7i*","Plate 1"
"352","O16",35.94,36.02,36.14,30.12,30.24,30.1,"hsa-miR-103b","Plate 1"
"353","O17",25.36,25.37,25.49,29,29.12,28.97,"hsa-miR-106b*","Plate 1"
"354","O18",39.26,37.24,35.58,24.62,24.63,24.76,"hsa-miR-10b*","Plate 1"
"355","O19",27.78,27.83,28.01,16.75,16.81,16.9,"hsa-miR-125b-1*","Plate 1"
"356","O20",28.82,28.94,29.06,25.03,25.05,25.01,"hsa-miR-125b-2*","Plate 1"
"357","O21",29.1,29.08,29.29,20.54,20.64,20.65,"hsa-miR-126*","Plate 1"
"358","O22",30.85,30.58,31.03,17.99,18.07,18.05,"hsa-miR-130b*","Plate 1"
"359","O23",36.58,NA,36.69,18.39,18.41,18.44,"hsa-miR-133a","Plate 1"
"360","O24",25.88,26.08,26.06,37.86,38.02,37.93,"hsa-miR-138-1*","Plate 1"
"361","P01",27.25,27.12,27.36,23.24,23.35,23.42,"hsa-miR-138-2*","Plate 1"
"362","P02",25.53,25.64,25.78,23.2,23.4,23.4,"hsa-miR-141*","Plate 1"
"363","P03",23.16,23.26,23.33,23.29,23.41,23.43,"hsa-miR-145","Plate 1"
"364","P04",35.82,36.96,NA,21.01,20.83,20.93,"hsa-miR-153","Plate 1"
"365","P05",34.39,33.94,35.42,20.91,20.72,20.8,"hsa-miR-15b*","Plate 1"
"366","P06",28.09,28.05,28.11,20.43,20.51,20.82,"hsa-miR-181a*","Plate 1"
"367","P07",29.43,29.36,29.69,31.71,31.99,31.61,"hsa-miR-18a*","Plate 1"
"368","P08",31.4,31.41,31.37,27.41,27.59,27.58,"hsa-miR-193a-3p","Plate 1"
"369","P09",25.69,25.89,25.96,25.93,26.04,25.98,"hsa-miR-193b*","Plate 1"
"370","P10",32.22,32.34,32.46,24.5,24.68,24.56,"hsa-miR-199a-5p","Plate 1"
"371","P11",28.69,28.99,29.19,31.04,31.48,31.45,"hsa-miR-1304","Plate 1"
"372","P12",26.38,26.67,26.62,23.77,23.84,23.85,"hsa-miR-19a*","Plate 1"
"373","P13",NA,38.17,NA,NA,35.15,37.28,"cel-miR-39","Plate 1"
"374","P14",37.36,34.89,36.4,NA,NA,39.87,"cel-miR-39","Plate 1"
"375","P15",23.68,23.26,22.92,23.33,24.34,22.27,"SNORD61","Plate 1"
"376","P16",21.74,20.91,20.9,20.41,20.8,19.78,"SNORD68","Plate 1"
"377","P17",23.19,23.18,23.31,18.39,18.41,18.44,"SNORD72","Plate 1"
"378","P18",23.23,23.25,23.32,37.86,38.02,37.93,"SNORD95","Plate 1"
"379","P19",20.72,20.82,20.95,23.24,23.35,23.42,"SNORD96A","Plate 1"
"380","P20",20.71,20.6,20.8,23.2,23.4,23.4,"RNU6-2","Plate 1"
"381","P21",23.23,23.25,23.32,23.29,23.41,23.43,"miRTC","Plate 1"
"382","P22",20.72,20.82,20.95,21.01,20.83,20.93,"miRTC","Plate 1"
"383","P23",20.71,20.6,20.8,20.91,20.72,20.8,"PPC","Plate 1"
"384","P24",21.01,20.64,20.66,20.43,20.51,20.82,"PPC","Plate 1"
"385","A01",25.54,25.46,26.05,24.2,24.19,24.33,"hsa-miR-19b-2*","Plate 2"
"386","A02",33.56,34.04,33.41,31.71,31.99,31.61,"hsa-miR-200a","Plate 2"
"387","A03",30.86,31.17,31.26,27.41,27.59,27.58,"hsa-miR-1305","Plate 2"
"388","A04",28.55,29,29.24,25.93,26.04,25.98,"hsa-miR-1306","Plate 2"
"389","A05",26.1,26.1,26.28,24.5,24.68,24.56,"hsa-miR-21*","Plate 2"
"390","A06",32.01,32.33,32.7,31.04,31.48,31.45,"hsa-miR-216a","Plate 2"
"391","A07",26.27,26.37,26.38,23.77,23.84,23.85,"hsa-miR-216b","Plate 2"
"392","A08",30.02,29.96,30.23,27.76,28.02,27.8,"hsa-miR-217","Plate 2"
"393","A09",27.93,28.37,28.61,27.36,27.53,27.4,"hsa-miR-22*","Plate 2"
"394","A10",33.59,33.97,33.49,28.75,29.06,28.85,"hsa-miR-221","Plate 2"
"395","A11",31.81,31.96,31.83,27.96,28,27.86,"hsa-miR-224","Plate 2"
"396","A12",31.85,31.97,31.82,25.7,25.67,25.86,"hsa-miR-24-1*","Plate 2"
"397","A13",31.36,31.73,31.76,26.45,26.59,26.53,"hsa-miR-24-2*","Plate 2"
"398","A14",29.46,29.52,29.53,25.28,25.36,25.37,"hsa-miR-25*","Plate 2"
"399","A15",30.18,30.38,30.68,27.97,28.43,28.16,"hsa-miR-27a*","Plate 2"
"400","A16",28.29,28.44,28.68,26.9,27.42,27.3,"hsa-miR-29a*","Plate 2"
"401","A17",34.2,34.06,34.04,33.1,33.29,32.83,"hsa-miR-29b-1*","Plate 2"
"402","A18",26.28,26.33,26.52,24.03,24.13,24.02,"hsa-miR-29b-2*","Plate 2"
"403","A19",30.49,30.34,30.31,26.73,27.1,26.83,"hsa-miR-29c*","Plate 2"
"404","A20",25.46,25.7,25.79,NA,25.16,25.14,"hsa-miR-302a*","Plate 2"
"405","A21",29.8,29.94,30.28,26.48,26.65,26.57,"hsa-miR-302d*","Plate 2"
"406","A22",32.91,NA,33.34,31.12,30.99,31.01,"hsa-miR-30a*","Plate 2"
"407","A23",27.02,27.25,27.3,24.05,24.19,24.12,"hsa-miR-30c-1*","Plate 2"
"408","A24",29.16,29.32,29.35,26.52,26.68,26.82,"hsa-miR-30c-2*","Plate 2"
"409","B01",34.26,34.33,35.08,32.71,34.81,33.67,"hsa-miR-30e*","Plate 2"
"410","B02",24.44,24.36,24.72,24.47,24.66,24.67,"hsa-miR-31","Plate 2"
"411","B03",32.81,32.52,32.48,27.93,28.02,28.01,"hsa-miR-324-3p","Plate 2"
"412","B04",27.88,27.92,28.19,25.76,25.72,25.8,"hsa-miR-326","Plate 2"
"413","B05",NA,37.32,NA,34.55,33.54,33.76,"hsa-miR-328","Plate 2"
"414","B06",NA,36.8,37.87,33.27,33.79,34.48,"hsa-miR-33b","Plate 2"
"415","B07",28.05,28.18,28.21,28.69,29.15,28.92,"hsa-miR-139-3p","Plate 2"
"416","B08",27.58,27.54,27.65,23.67,23.71,23.69,"hsa-miR-1307","Plate 2"
"417","B09",26.96,27.19,27.2,24.22,24.38,24.17,"hsa-miR-367*","Plate 2"
"418","B10",29.42,29.52,29.55,24.37,24.51,24.51,"hsa-miR-374b*","Plate 2"
"419","B11",26.69,26.96,27.01,25.34,25.5,25.48,"hsa-miR-381","Plate 2"
"420","B12",30.41,30.29,30.38,27.12,27.15,27.19,"hsa-miR-409-3p","Plate 2"
"421","B13",26.35,26.34,26.5,24.08,24.2,24.22,"hsa-miR-409-5p","Plate 2"
"422","B14",25.17,25.17,25.32,22.21,22.35,22.24,"hsa-miR-411*","Plate 2"
"423","B15",32.35,32.5,32.59,29.92,30.05,29.95,"hsa-miR-424*","Plate 2"
"424","B16",26.22,26.21,26.32,25.18,25.24,25.23,"hsa-miR-425*","Plate 2"
"425","B17",25.67,25.79,26.01,25.27,25.39,25.36,"hsa-miR-431*","Plate 2"
"426","B18",27.26,27.43,27.6,25.48,25.62,25.41,"hsa-miR-451","Plate 2"
"427","B19",25.27,25.32,25.39,25.08,25.09,25.14,"hsa-miR-483-3p","Plate 2"
"428","B20",26.42,26.48,26.64,24,24.03,24.04,"hsa-miR-486-3p","Plate 2"
"429","B21",27.97,28.17,28.2,24.53,24.6,24.49,"hsa-miR-490-3p","Plate 2"
"430","B22",30.96,31.41,31.39,23.24,23.43,23.33,"hsa-miR-509-3-5p","Plate 2"
"431","B23",25.21,25.34,25.45,23.31,23.59,23.62,"hsa-miR-509-5p","Plate 2"
"432","B24",29.12,29.23,29.29,26.2,26.22,26.15,"hsa-miR-516b","Plate 2"
"433","C01",27.59,27.62,27.78,25.11,25.27,25.22,"hsa-miR-518f","Plate 2"
"434","C02",27.38,27.53,27.6,24.07,24.15,24.13,"hsa-miR-9*","Plate 2"
"435","C03",28.59,28.6,28.69,27.61,27.81,27.71,"hsa-miR-92a-1*","Plate 2"
"436","C04",26.91,26.96,27.14,26.2,26.16,26.18,"hsa-miR-92a-2*","Plate 2"
"437","C05",27.07,27.07,27.16,24.42,24.52,24.53,"hsa-miR-93*","Plate 2"
"438","C06",27,27.22,27.41,25.4,25.71,25.68,"hsa-miR-337-5p","Plate 2"
"439","C07",25.79,25.86,26.02,23.13,23.61,23.51,"hsa-miR-99b","Plate 2"
"440","C08",26.69,26.57,26.88,27.49,27.46,27.69,"hsa-miR-129*","Plate 2"
"441","C09",27.35,27.69,27.73,27.79,28.01,28.08,"hsa-miR-136*","Plate 2"
"442","C10",29.35,29.56,29.77,27.91,28.11,28.14,"hsa-miR-145*","Plate 2"
"443","C11",27.76,28.03,28.26,25.47,25.6,25.57,"hsa-miR-146b-3p","Plate 2"
"444","C12",28.55,28.73,28.85,25.29,25.41,25.39,"hsa-miR-1908","Plate 2"
"445","C13",29.63,29.52,29.89,25.6,25.73,25.69,"hsa-miR-191*","Plate 2"
"446","C14",27.29,27.31,27.47,22.91,23.04,23.02,"hsa-miR-200b*","Plate 2"
"447","C15",26.17,26.21,26.38,24.4,24.56,24.47,"hsa-miR-202*","Plate 2"
"448","C16",35.94,36.02,36.14,32.89,32.67,32.79,"hsa-miR-20a*","Plate 2"
"449","C17",25.36,25.37,25.49,24.45,24.71,24.57,"hsa-miR-219-1-3p","Plate 2"
"450","C18",39.26,37.24,35.58,24.1,24.14,24.13,"hsa-miR-221*","Plate 2"
"451","C19",27.78,27.83,28.01,24.51,25.01,24.87,"hsa-miR-297","Plate 2"
"452","C20",28.82,28.94,29.06,31.07,31.36,31.08,"hsa-miR-299-5p","Plate 2"
"453","C21",29.1,29.08,29.29,26.79,26.72,26.8,"hsa-miR-300","Plate 2"
"454","C22",30.85,30.58,31.03,28.92,29.03,28.99,"hsa-miR-302b*","Plate 2"
"455","C23",36.58,NA,36.69,31.31,31.1,31.41,"hsa-miR-30b*","Plate 2"
"456","C24",25.88,26.08,26.06,24.06,24.15,24.13,"hsa-miR-320b","Plate 2"
"457","D01",27.25,27.12,27.36,24.81,24.99,25,"hsa-miR-320d","Plate 2"
"458","D02",25.53,25.64,25.78,23.11,23.21,23.14,"hsa-miR-323-5p","Plate 2"
"459","D03",23.16,23.26,23.33,21.31,21.41,21.37,"hsa-miR-340*","Plate 2"
"460","D04",35.82,36.96,NA,34.1,34.27,34.25,"hsa-miR-34b","Plate 2"
"461","D05",34.39,33.94,35.42,30.14,29.97,30.07,"hsa-miR-34b*","Plate 2"
"462","D06",28.09,28.05,28.11,25.61,25.83,25.95,"hsa-miR-1321","Plate 2"
"463","D07",29.43,29.36,29.69,28.19,28.55,28.42,"hsa-miR-363*","Plate 2"
"464","D08",31.4,31.41,31.37,28.37,28.82,28.78,"hsa-miR-373*","Plate 2"
"465","D09",25.69,25.89,25.96,24.71,24.35,24.44,"hsa-miR-376a*","Plate 2"
"466","D10",32.22,32.34,32.46,30.12,30.24,30.1,"hsa-miR-377*","Plate 2"
"467","D11",28.69,28.99,29.19,29,29.12,28.97,"hsa-miR-378*","Plate 2"
"468","D12",26.38,26.67,26.62,24.62,24.63,24.76,"hsa-miR-380*","Plate 2"
"469","D13",19.73,19.76,19.9,16.75,16.81,16.9,"hsa-miR-432*","Plate 2"
"470","D14",28,27.94,28.17,25.03,25.05,25.01,"hsa-miR-449b","Plate 2"
"471","D15",23.02,23.05,23.19,20.54,20.64,20.65,"hsa-miR-452*","Plate 2"
"472","D16",21.06,21.09,21.17,17.99,18.07,18.05,"hsa-miR-454*","Plate 2"
"473","D17",20.26,20.33,20.45,18.39,18.41,18.44,"hsa-miR-485-5p","Plate 2"
"474","D18",NA,35.6,39,37.86,38.02,37.93,"hsa-miR-488*","Plate 2"
"475","D19",23.13,23.2,23.31,23.24,23.35,23.42,"hsa-miR-510","Plate 2"
"476","D20",23.19,23.18,23.31,23.2,23.4,23.4,"hsa-miR-513a-3p","Plate 2"
"477","D21",23.23,23.25,23.32,23.29,23.41,23.43,"hsa-miR-513b","Plate 2"
"478","D22",20.72,20.82,20.95,21.01,20.83,20.93,"hsa-miR-513c","Plate 2"
"479","D23",20.71,20.6,20.8,20.91,20.72,20.8,"hsa-miR-1299","Plate 2"
"480","D24",21.01,20.64,20.66,20.43,20.51,20.82,"hsa-miR-519d","Plate 2"
"481","E01",25.54,25.46,26.05,31.71,31.99,31.61,"hsa-miR-519e","Plate 2"
"482","E02",33.56,34.04,33.41,27.41,27.59,27.58,"hsa-miR-342-5p","Plate 2"
"483","E03",30.86,31.17,31.26,25.93,26.04,25.98,"hsa-miR-423-5p","Plate 2"
"484","E04",28.55,29,29.24,24.5,24.68,24.56,"hsa-miR-526b*","Plate 2"
"485","E05",26.1,26.1,26.28,31.04,31.48,31.45,"hsa-miR-539","Plate 2"
"486","E06",32.01,32.33,32.7,23.77,23.84,23.85,"hsa-miR-491-3p","Plate 2"
"487","E07",26.27,26.37,26.38,27.76,28.02,27.8,"hsa-miR-1301","Plate 2"
"488","E08",30.02,29.96,30.23,27.36,27.53,27.4,"hsa-miR-561","Plate 2"
"489","E09",27.93,28.37,28.61,28.75,29.06,28.85,"hsa-miR-570","Plate 2"
"490","E10",33.59,33.97,33.49,27.96,28,27.86,"hsa-miR-628-5p","Plate 2"
"491","E11",31.81,31.96,31.83,25.7,25.67,25.86,"hsa-miR-574-3p","Plate 2"
"492","E12",31.85,31.97,31.82,26.45,26.59,26.53,"hsa-miR-875-5p","Plate 2"
"493","E13",31.36,31.73,31.76,25.28,25.36,25.37,"hsa-miR-1302","Plate 2"
"494","E14",29.46,29.52,29.53,27.97,28.43,28.16,"hsa-miR-1322","Plate 2"
"495","E15",30.18,30.38,30.68,26.9,27.42,27.3,"hsa-miR-1278","Plate 2"
"496","E16",28.29,28.44,28.68,33.1,33.29,32.83,"hsa-miR-1279","Plate 2"
"497","E17",34.2,34.06,34.04,24.03,24.13,24.02,"hsa-miR-1280","Plate 2"
"498","E18",26.28,26.33,26.52,26.73,27.1,26.83,"hsa-miR-1281","Plate 2"
"499","E19",30.49,30.34,30.31,NA,25.16,25.14,"hsa-miR-1282","Plate 2"
"500","E20",25.46,25.7,25.79,26.48,26.65,26.57,"hsa-miR-1283","Plate 2"
"501","E21",29.8,29.94,30.28,31.12,30.99,31.01,"hsa-miR-1284","Plate 2"
"502","E22",32.91,NA,33.34,24.05,24.19,24.12,"hsa-miR-1323","Plate 2"
"503","E23",27.02,27.25,27.3,26.52,26.68,26.82,"hsa-miR-1285","Plate 2"
"504","E24",29.16,29.32,29.35,32.71,34.81,33.67,"hsa-miR-1286","Plate 2"
"505","F01",34.26,34.33,35.08,24.47,24.66,24.67,"hsa-miR-1287","Plate 2"
"506","F02",24.44,24.36,24.72,27.93,28.02,28.01,"hsa-miR-1288","Plate 2"
"507","F03",32.81,32.52,32.48,25.76,25.72,25.8,"hsa-miR-1303","Plate 2"
"508","F04",27.88,27.92,28.19,34.55,33.54,33.76,"hsa-miR-708","Plate 2"
"509","F05",NA,37.32,NA,33.27,33.79,34.48,"hsa-miR-708*","Plate 2"
"510","F06",NA,36.8,37.87,28.69,29.15,28.92,"hsa-miR-1289","Plate 2"
"511","F07",28.05,28.18,28.21,23.67,23.71,23.69,"hsa-miR-1228*","Plate 2"
"512","F08",27.58,27.54,27.65,24.22,24.38,24.17,"hsa-miR-1290","Plate 2"
"513","F09",26.96,27.19,27.2,24.37,24.51,24.51,"hsa-miR-99b*","Plate 2"
"514","F10",29.42,29.52,29.55,25.34,25.5,25.48,"hsa-miR-1178","Plate 2"
"515","F11",26.69,26.96,27.01,27.12,27.15,27.19,"hsa-miR-1179","Plate 2"
"516","F12",30.41,30.29,30.38,24.08,24.2,24.22,"hsa-miR-1180","Plate 2"
"517","F13",26.35,26.34,26.5,22.21,22.35,22.24,"hsa-miR-1182","Plate 2"
"518","F14",25.17,25.17,25.32,29.92,30.05,29.95,"hsa-miR-1183","Plate 2"
"519","F15",32.35,32.5,32.59,25.18,25.24,25.23,"hsa-miR-1184","Plate 2"
"520","F16",26.22,26.21,26.32,25.27,25.39,25.36,"hsa-miR-1185","Plate 2"
"521","F17",25.67,25.79,26.01,25.48,25.62,25.41,"hsa-miR-1203","Plate 2"
"522","F18",27.26,27.43,27.6,25.08,25.09,25.14,"hsa-miR-1204","Plate 2"
"523","F19",25.27,25.32,25.39,24,24.03,24.04,"hsa-miR-1205","Plate 2"
"524","F20",26.42,26.48,26.64,24.53,24.6,24.49,"hsa-miR-1206","Plate 2"
"525","F21",27.97,28.17,28.2,23.24,23.43,23.33,"hsa-miR-1207-3p","Plate 2"
"526","F22",30.96,31.41,31.39,23.31,23.59,23.62,"hsa-miR-1207-5p","Plate 2"
"527","F23",25.21,25.34,25.45,26.2,26.22,26.15,"hsa-miR-1208","Plate 2"
"528","F24",29.12,29.23,29.29,25.11,25.27,25.22,"hsa-miR-1224-3p","Plate 2"
"529","G01",27.59,27.62,27.78,24.07,24.15,24.13,"hsa-miR-1224-5p","Plate 2"
"530","G02",27.38,27.53,27.6,27.61,27.81,27.71,"hsa-miR-1226","Plate 2"
"531","G03",28.59,28.6,28.69,26.2,26.16,26.18,"hsa-miR-132*","Plate 2"
"532","G04",26.91,26.96,27.14,24.42,24.52,24.53,"hsa-miR-135b*","Plate 2"
"533","G05",27.07,27.07,27.16,25.4,25.71,25.68,"hsa-miR-143*","Plate 2"
"534","G06",27,27.22,27.41,23.13,23.61,23.51,"hsa-miR-185*","Plate 2"
"535","G07",25.79,25.86,26.02,27.49,27.46,27.69,"hsa-miR-186*","Plate 2"
"536","G08",26.69,26.57,26.88,27.79,28.01,28.08,"hsa-miR-205*","Plate 2"
"537","G09",27.35,27.69,27.73,27.91,28.11,28.14,"hsa-miR-222*","Plate 2"
"538","G10",29.35,29.56,29.77,25.47,25.6,25.57,"hsa-miR-224*","Plate 2"
"539","G11",27.76,28.03,28.26,25.29,25.41,25.39,"hsa-miR-31*","Plate 2"
"540","G12",28.55,28.73,28.85,25.6,25.73,25.69,"hsa-miR-379*","Plate 2"
"541","G13",29.63,29.52,29.89,22.91,23.04,23.02,"hsa-miR-450b-3p","Plate 2"
"542","G14",27.29,27.31,27.47,24.4,24.56,24.47,"hsa-miR-491-5p","Plate 2"
"543","G15",26.17,26.21,26.38,32.89,32.67,32.79,"hsa-miR-541","Plate 2"
"544","G16",35.94,36.02,36.14,24.45,24.71,24.57,"hsa-miR-541*","Plate 2"
"545","G17",25.36,25.37,25.49,24.1,24.14,24.13,"hsa-miR-548e","Plate 2"
"546","G18",39.26,37.24,35.58,24.51,25.01,24.87,"hsa-miR-548h","Plate 2"
"547","G19",27.78,27.83,28.01,31.07,31.36,31.08,"hsa-miR-548i","Plate 2"
"548","G20",28.82,28.94,29.06,26.79,26.72,26.8,"hsa-miR-548j","Plate 2"
"549","G21",29.1,29.08,29.29,28.92,29.03,28.99,"hsa-miR-548k","Plate 2"
"550","G22",30.85,30.58,31.03,31.31,31.1,31.41,"hsa-miR-548l","Plate 2"
"551","G23",36.58,NA,36.69,24.06,24.15,24.13,"hsa-miR-548m","Plate 2"
"552","G24",25.88,26.08,26.06,24.81,24.99,25,"hsa-miR-548o","Plate 2"
"553","H01",27.25,27.12,27.36,23.11,23.21,23.14,"hsa-miR-573","Plate 2"
"554","H02",25.53,25.64,25.78,21.31,21.41,21.37,"hsa-miR-577","Plate 2"
"555","H03",23.16,23.26,23.33,34.1,34.27,34.25,"hsa-miR-593","Plate 2"
"556","H04",35.82,36.96,NA,30.14,29.97,30.07,"hsa-miR-1324","Plate 2"
"557","H05",34.39,33.94,35.42,25.61,25.83,25.95,"hsa-miR-609","Plate 2"
"558","H06",28.09,28.05,28.11,28.19,28.55,28.42,"hsa-miR-627","Plate 2"
"559","H07",29.43,29.36,29.69,28.37,28.82,28.78,"hsa-miR-629*","Plate 2"
"560","H08",31.4,31.41,31.37,24.71,24.35,24.44,"hsa-miR-653","Plate 2"
"561","H09",25.69,25.89,25.96,30.12,30.24,30.1,"hsa-miR-654-3p","Plate 2"
"562","H10",32.22,32.34,32.46,29,29.12,28.97,"hsa-miR-664","Plate 2"
"563","H11",28.69,28.99,29.19,24.62,24.63,24.76,"hsa-miR-675","Plate 2"
"564","H12",26.38,26.67,26.62,16.75,16.81,16.9,"hsa-miR-675*","Plate 2"
"565","H13",19.73,19.76,19.9,25.03,25.05,25.01,"hsa-miR-720","Plate 2"
"566","H14",28,27.94,28.17,20.54,20.64,20.65,"hsa-miR-767-3p","Plate 2"
"567","H15",23.02,23.05,23.19,17.99,18.07,18.05,"hsa-miR-1291","Plate 2"
"568","H16",21.06,21.09,21.17,18.39,18.41,18.44,"hsa-miR-1468","Plate 2"
"569","H17",20.26,20.33,20.45,37.86,38.02,37.93,"hsa-miR-876-3p","Plate 2"
"570","H18",32,35.6,39,23.24,23.35,23.42,"hsa-miR-888","Plate 2"
"571","H19",23.13,23.2,23.31,23.2,23.4,23.4,"hsa-miR-888*","Plate 2"
"572","H20",23.19,23.18,23.31,23.29,23.41,23.43,"hsa-miR-889","Plate 2"
"573","H21",23.23,23.25,23.32,21.01,20.83,20.93,"hsa-miR-891a","Plate 2"
"574","H22",20.72,20.82,20.95,20.91,20.72,20.8,"hsa-miR-891b","Plate 2"
"575","H23",20.71,20.6,20.8,20.43,20.51,20.82,"hsa-miR-920","Plate 2"
"576","H24",21.01,20.64,20.66,24.2,24.19,24.33,"hsa-miR-922","Plate 2"
"577","I01",25.54,25.46,26.05,31.12,30.99,31.01,"hsa-miR-92b*","Plate 2"
"578","I02",33.56,34.04,33.41,24.05,24.19,24.12,"hsa-miR-936","Plate 2"
"579","I03",30.86,31.17,31.26,26.52,26.68,26.82,"hsa-miR-1294","Plate 2"
"580","I04",28.55,29,29.24,32.71,34.81,33.67,"hsa-miR-1295","Plate 2"
"581","I05",26.1,26.1,26.28,24.47,24.66,24.67,"hsa-miR-1296","Plate 2"
"582","I06",32.01,32.33,32.7,27.93,28.02,28.01,"hsa-miR-1297","Plate 2"
"583","I07",26.27,26.37,26.38,25.76,25.72,25.8,"hsa-miR-943","Plate 2"
"584","I08",30.02,29.96,30.23,34.55,33.54,33.76,"hsa-miR-1298","Plate 2"
"585","I09",27.93,28.37,28.61,33.27,33.79,34.48,"hsa-miR-96*","Plate 2"
"586","I10",33.59,33.97,33.49,28.69,29.15,28.92,"hsa-miR-103a-2*","Plate 2"
"587","I11",31.81,31.96,31.83,23.67,23.71,23.69,"hsa-miR-105*","Plate 2"
"588","I12",31.85,31.97,31.82,24.22,24.38,24.17,"hsa-miR-106a*","Plate 2"
"589","I13",31.36,31.73,31.76,24.37,24.51,24.51,"hsa-miR-1197","Plate 2"
"590","I14",29.46,29.52,29.53,25.34,25.5,25.48,"hsa-miR-122*","Plate 2"
"591","I15",30.18,30.38,30.68,27.12,27.15,27.19,"hsa-miR-1227","Plate 2"
"592","I16",28.29,28.44,28.68,24.08,24.2,24.22,"hsa-miR-1231","Plate 2"
"593","I17",34.2,34.06,34.04,22.21,22.35,22.24,"hsa-miR-1233","Plate 2"
"594","I18",26.28,26.33,26.52,29.92,30.05,29.95,"hsa-miR-1236","Plate 2"
"595","I19",30.49,30.34,30.31,25.18,25.24,25.23,"hsa-miR-1237","Plate 2"
"596","I20",25.46,25.7,25.79,25.27,25.39,25.36,"hsa-miR-1238","Plate 2"
"597","I21",29.8,29.94,30.28,25.48,25.62,25.41,"hsa-miR-124*","Plate 2"
"598","I22",32.91,NA,33.34,25.08,25.09,25.14,"hsa-miR-1243","Plate 2"
"599","I23",27.02,27.25,27.3,24,24.03,24.04,"hsa-miR-1244","Plate 2"
"600","I24",29.16,29.32,29.35,24.53,24.6,24.49,"hsa-miR-1245","Plate 2"
"601","J01",34.26,34.33,35.08,23.24,23.43,23.33,"hsa-miR-1247","Plate 2"
"602","J02",24.44,24.36,24.72,23.31,23.59,23.62,"hsa-miR-1249","Plate 2"
"603","J03",32.81,32.52,32.48,26.2,26.22,26.15,"hsa-miR-1250","Plate 2"
"604","J04",27.88,27.92,28.19,25.11,25.27,25.22,"hsa-miR-1251","Plate 2"
"605","J05",NA,37.32,NA,24.07,24.15,24.13,"hsa-miR-1252","Plate 2"
"606","J06",NA,36.8,37.87,27.61,27.81,27.71,"hsa-miR-1253","Plate 2"
"607","J07",28.05,28.18,28.21,26.2,26.16,26.18,"hsa-miR-144*","Plate 2"
"608","J08",27.58,27.54,27.65,24.42,24.52,24.53,"hsa-miR-146a*","Plate 2"
"609","J09",26.96,27.19,27.2,25.4,25.71,25.68,"hsa-miR-1471","Plate 2"
"610","J10",29.42,29.52,29.55,23.13,23.61,23.51,"hsa-miR-148a*","Plate 2"
"611","J11",26.69,26.96,27.01,27.49,27.46,27.69,"hsa-miR-148b*","Plate 2"
"612","J12",30.41,30.29,30.38,27.79,28.01,28.08,"hsa-miR-154*","Plate 2"
"613","J13",26.35,26.34,26.5,27.91,28.11,28.14,"hsa-miR-155*","Plate 2"
"614","J14",25.17,25.17,25.32,25.47,25.6,25.57,"hsa-miR-1537","Plate 2"
"615","J15",32.35,32.5,32.59,25.29,25.41,25.39,"hsa-miR-18b*","Plate 2"
"616","J16",26.22,26.21,26.32,25.6,25.73,25.69,"hsa-miR-192*","Plate 2"
"617","J17",25.67,25.79,26.01,22.91,23.04,23.02,"hsa-miR-194*","Plate 2"
"618","J18",27.26,27.43,27.6,24.4,24.56,24.47,"hsa-miR-195*","Plate 2"
"619","J19",25.27,25.32,25.39,32.89,32.67,32.79,"hsa-miR-196b*","Plate 2"
"620","J20",26.42,26.48,26.64,24.45,24.71,24.57,"hsa-miR-20b*","Plate 2"
"621","J21",27.97,28.17,28.2,24.1,24.14,24.13,"hsa-miR-218-1*","Plate 2"
"622","J22",30.96,31.41,31.39,24.51,25.01,24.87,"hsa-miR-218-2*","Plate 2"
"623","J23",25.21,25.34,25.45,31.07,31.36,31.08,"hsa-miR-223*","Plate 2"
"624","J24",29.12,29.23,29.29,26.79,26.72,26.8,"hsa-miR-23a*","Plate 2"
"625","K01",27.59,27.62,27.78,28.92,29.03,28.99,"hsa-miR-23b*","Plate 2"
"626","K02",27.38,27.53,27.6,31.31,31.1,31.41,"hsa-miR-26a-1*","Plate 2"
"627","K03",28.59,28.6,28.69,24.06,24.15,24.13,"hsa-miR-26a-2*","Plate 2"
"628","K04",26.91,26.96,27.14,24.81,24.99,25,"hsa-miR-32*","Plate 2"
"629","K05",27.07,27.07,27.16,23.11,23.21,23.14,"hsa-miR-335*","Plate 2"
"630","K06",27,27.22,27.41,21.31,21.41,21.37,"hsa-miR-33a*","Plate 2"
"631","K07",25.79,25.86,26.02,34.1,34.27,34.25,"hsa-miR-34a*","Plate 2"
"632","K08",26.69,26.57,26.88,30.14,29.97,30.07,"hsa-miR-374a*","Plate 2"
"633","K09",27.35,27.69,27.73,25.61,25.83,25.95,"hsa-miR-449b*","Plate 2"
"634","K10",29.35,29.56,29.77,28.19,28.55,28.42,"hsa-miR-497*","Plate 2"
"635","K11",27.76,28.03,28.26,28.37,28.82,28.78,"hsa-miR-499-3p","Plate 2"
"636","K12",28.55,28.73,28.85,24.71,24.35,24.44,"hsa-miR-499-5p","Plate 2"
"637","K13",29.63,29.52,29.89,30.12,30.24,30.1,"hsa-miR-505*","Plate 2"
"638","K14",27.29,27.31,27.47,29,29.12,28.97,"hsa-miR-545*","Plate 2"
"639","K15",26.17,26.21,26.38,24.62,24.63,24.76,"hsa-miR-548g","Plate 2"
"640","K16",35.94,36.02,36.14,16.75,16.81,16.9,"hsa-miR-548n","Plate 2"
"641","K17",25.36,25.37,25.49,25.03,25.05,25.01,"hsa-miR-556-3p","Plate 2"
"642","K18",39.26,37.24,35.58,20.54,20.64,20.65,"hsa-miR-569","Plate 2"
"643","K19",27.78,27.83,28.01,17.99,18.07,18.05,"hsa-miR-596","Plate 2"
"644","K20",28.82,28.94,29.06,18.39,18.41,18.44,"hsa-miR-1538","Plate 2"
"645","K21",29.1,29.08,29.29,37.86,38.02,37.93,"hsa-miR-599","Plate 2"
"646","K22",30.85,30.58,31.03,23.24,23.35,23.42,"hsa-miR-601","Plate 2"
"647","K23",36.58,NA,36.69,23.2,23.4,23.4,"hsa-miR-606","Plate 2"
"648","K24",25.88,26.08,26.06,23.29,23.41,23.43,"hsa-miR-615-5p","Plate 2"
"649","L01",27.25,27.12,27.36,21.01,20.83,20.93,"hsa-miR-620","Plate 2"
"650","L02",25.53,25.64,25.78,20.91,20.72,20.8,"hsa-miR-625*","Plate 2"
"651","L03",23.16,23.26,23.33,20.43,20.51,20.82,"hsa-miR-631","Plate 2"
"652","L04",35.82,36.96,NA,31.71,31.99,31.61,"hsa-miR-634","Plate 2"
"653","L05",34.39,33.94,35.42,27.41,27.59,27.58,"hsa-miR-1539","Plate 2"
"654","L06",28.09,28.05,28.11,25.93,26.04,25.98,"hsa-miR-655","Plate 2"
"655","L07",29.43,29.36,29.69,24.5,24.68,24.56,"hsa-miR-656","Plate 2"
"656","L08",31.4,31.41,31.37,31.04,31.48,31.45,"hsa-miR-661","Plate 2"
"657","L09",25.69,25.89,25.96,23.77,23.84,23.85,"hsa-miR-664*","Plate 2"
"658","L10",32.22,32.34,32.46,27.76,28.02,27.8,"hsa-miR-7-1*","Plate 2"
"659","L11",28.69,28.99,29.19,27.36,27.53,27.4,"hsa-miR-7-2*","Plate 2"
"660","L12",26.38,26.67,26.62,28.75,29.06,28.85,"hsa-miR-1825","Plate 2"
"661","L13",19.73,19.76,19.9,27.96,28,27.86,"hsa-miR-892a","Plate 2"
"662","L14",28,27.94,28.17,25.7,25.67,25.86,"hsa-miR-99a*","Plate 2"
"663","L15",23.02,23.05,23.19,26.45,26.59,26.53,"hsa-miR-1255a","Plate 2"
"664","L16",21.06,21.09,21.17,25.28,25.36,25.37,"hsa-miR-1256","Plate 2"
"665","L17",20.26,20.33,20.45,27.97,28.43,28.16,"hsa-miR-1257","Plate 2"
"666","L18",NA,35.6,39,26.9,27.42,27.3,"hsa-miR-1258","Plate 2"
"667","L19",23.13,23.2,23.31,33.1,33.29,32.83,"hsa-miR-1260","Plate 2"
"668","L20",23.19,23.18,23.31,24.03,24.13,24.02,"hsa-miR-1262","Plate 2"
"669","L21",23.23,23.25,23.32,26.73,27.1,26.83,"hsa-miR-1263","Plate 2"
"670","L22",20.72,20.82,20.95,NA,25.16,25.14,"hsa-miR-1264","Plate 2"
"671","L23",20.71,20.6,20.8,26.48,26.65,26.57,"hsa-miR-1265","Plate 2"
"672","L24",21.01,20.64,20.66,31.12,30.99,31.01,"hsa-miR-1266","Plate 2"
"673","M01",25.54,25.46,26.05,24.05,24.19,24.12,"hsa-miR-1267","Plate 2"
"674","M02",33.56,34.04,33.41,26.52,26.68,26.82,"hsa-miR-1269","Plate 2"
"675","M03",30.86,31.17,31.26,32.71,34.81,33.67,"hsa-miR-1270","Plate 2"
"676","M04",28.55,29,29.24,31.12,30.99,31.01,"hsa-miR-1271","Plate 2"
"677","M05",26.1,26.1,26.28,24.05,24.19,24.12,"hsa-miR-1272","Plate 2"
"678","M06",32.01,32.33,32.7,26.52,26.68,26.82,"hsa-miR-1273","Plate 2"
"679","M07",26.27,26.37,26.38,32.71,34.81,33.67,"hsa-miR-1276","Plate 2"
"680","M08",30.02,29.96,30.23,24.47,24.66,24.67,"hsa-miR-1277","Plate 2"
"681","M09",27.93,28.37,28.61,27.93,28.02,28.01,"hsa-miR-544b","Plate 2"
"682","M10",33.59,33.97,33.49,25.76,25.72,25.8,"hsa-miR-3193","Plate 2"
"683","M11",31.81,31.96,31.83,34.55,33.54,33.76,"hsa-miR-592","Plate 2"
"684","M12",31.85,31.97,31.82,33.27,33.79,34.48,"hsa-miR-3159","Plate 2"
"685","M13",31.36,31.73,31.76,28.69,29.15,28.92,"hsa-miR-2115","Plate 2"
"686","M14",29.46,29.52,29.53,23.67,23.71,23.69,"hsa-miR-302d","Plate 2"
"687","M15",30.18,30.38,30.68,24.22,24.38,24.17,"hsa-miR-548u","Plate 2"
"688","M16",28.29,28.44,28.68,24.37,24.51,24.51,"hsa-miR-3190","Plate 2"
"689","M17",34.2,34.06,34.04,25.34,25.5,25.48,"hsa-miR-765","Plate 2"
"690","M18",26.28,26.33,26.52,27.12,27.15,27.19,"hsa-miR-3690","Plate 2"
"691","M19",30.49,30.34,30.31,24.08,24.2,24.22,"hsa-miR-200c*","Plate 2"
"692","M20",25.46,25.7,25.79,22.21,22.35,22.24,"hsa-miR-3150a-3p","Plate 2"
"693","M21",29.8,29.94,30.28,29.92,30.05,29.95,"hsa-miR-3153","Plate 2"
"694","M22",32.91,NA,33.34,25.18,25.24,25.23,"hsa-miR-4278","Plate 2"
"695","M23",27.02,27.25,27.3,25.27,25.39,25.36,"hsa-miR-3151","Plate 2"
"696","M24",29.16,29.32,29.35,25.48,25.62,25.41,"hsa-miR-3157-5p","Plate 2"
"697","N01",34.26,34.33,35.08,25.08,25.09,25.14,"hsa-miR-3148","Plate 2"
"698","N02",24.44,24.36,24.72,24,24.03,24.04,"hsa-miR-4317","Plate 2"
"699","N03",32.81,32.52,32.48,24.53,24.6,24.49,"hsa-miR-3133","Plate 2"
"700","N04",27.88,27.92,28.19,23.24,23.43,23.33,"hsa-miR-3136-5p","Plate 2"
"701","N05",NA,37.32,NA,23.31,23.59,23.62,"hsa-miR-516a-5p","Plate 2"
"702","N06",NA,36.8,37.87,26.2,26.22,26.15,"hsa-miR-3614-3p","Plate 2"
"703","N07",28.05,28.18,28.21,25.11,25.27,25.22,"hsa-miR-323b-5p","Plate 2"
"704","N08",27.58,27.54,27.65,24.07,24.15,24.13,"hsa-miR-3131","Plate 2"
"705","N09",26.96,27.19,27.2,27.61,27.81,27.71,"hsa-miR-4297","Plate 2"
"706","N10",29.42,29.52,29.55,26.2,26.16,26.18,"hsa-miR-548b-5p","Plate 2"
"707","N11",26.69,26.96,27.01,24.42,24.52,24.53,"hsa-miR-3129-5p","Plate 2"
"708","N12",30.41,30.29,30.38,25.4,25.71,25.68,"hsa-miR-3191","Plate 2"
"709","N13",26.35,26.34,26.5,23.13,23.61,23.51,"hsa-miR-183*","Plate 2"
"710","N14",25.17,25.17,25.32,27.49,27.46,27.69,"hsa-miR-3916","Plate 2"
"711","N15",32.35,32.5,32.59,27.79,28.01,28.08,"hsa-miR-19b-1*","Plate 2"
"712","N16",26.22,26.21,26.32,27.91,28.11,28.14,"hsa-miR-2114","Plate 2"
"713","N17",25.67,25.79,26.01,25.47,25.6,25.57,"hsa-miR-181a-2*","Plate 2"
"714","N18",27.26,27.43,27.6,25.29,25.41,25.39,"hsa-miR-4298","Plate 2"
"715","N19",25.27,25.32,25.39,25.6,25.73,25.69,"hsa-miR-367","Plate 2"
"716","N20",26.42,26.48,26.64,22.91,23.04,23.02,"hsa-miR-3924","Plate 2"
"717","N21",27.97,28.17,28.2,24.4,24.56,24.47,"hsa-miR-3655","Plate 2"
"718","N22",30.96,31.41,31.39,32.89,32.67,32.79,"hsa-miR-3152-3p","Plate 2"
"719","N23",25.21,25.34,25.45,24.45,24.71,24.57,"hsa-miR-3144-5p","Plate 2"
"720","N24",29.12,29.23,29.29,24.1,24.14,24.13,"hsa-miR-500a","Plate 2"
"721","O01",27.59,27.62,27.78,24.51,25.01,24.87,"hsa-miR-3673","Plate 2"
"722","O02",27.38,27.53,27.6,31.07,31.36,31.08,"hsa-miR-3180-3p","Plate 2"
"723","O03",28.59,28.6,28.69,26.79,26.72,26.8,"hsa-miR-3145-3p","Plate 2"
"724","O04",26.91,26.96,27.14,28.92,29.03,28.99,"hsa-miR-3657","Plate 2"
"725","O05",27.07,27.07,27.16,31.31,31.1,31.41,"hsa-miR-3941","Plate 2"
"726","O06",27,27.22,27.41,24.06,24.15,24.13,"hsa-miR-4264","Plate 2"
"727","O07",25.79,25.86,26.02,24.81,24.99,25,"hsa-miR-3923","Plate 2"
"728","O08",26.69,26.57,26.88,23.11,23.21,23.14,"hsa-miR-548t","Plate 2"
"729","O09",27.35,27.69,27.73,21.31,21.41,21.37,"hsa-miR-4271","Plate 2"
"730","O10",29.35,29.56,29.77,34.1,34.27,34.25,"hsa-miR-4318","Plate 2"
"731","O11",27.76,28.03,28.26,30.14,29.97,30.07,"hsa-miR-3116","Plate 2"
"732","O12",28.55,28.73,28.85,25.61,25.83,25.95,"hsa-miR-10a*","Plate 2"
"733","O13",29.63,29.52,29.89,28.19,28.55,28.42,"hsa-miR-3065-3p","Plate 2"
"734","O14",27.29,27.31,27.47,28.37,28.82,28.78,"hsa-miR-874","Plate 2"
"735","O15",26.17,26.21,26.38,24.71,24.35,24.44,"hsa-miR-552","Plate 2"
"736","O16",35.94,36.02,36.14,30.12,30.24,30.1,"hsa-miR-196a*","Plate 2"
"737","O17",25.36,25.37,25.49,29,29.12,28.97,"hsa-miR-15a*","Plate 2"
"738","O18",39.26,37.24,35.58,24.62,24.63,24.76,"hsa-miR-3141","Plate 2"
"739","O19",27.78,27.83,28.01,16.75,16.81,16.9,"hsa-miR-3179","Plate 2"
"740","O20",28.82,28.94,29.06,25.03,25.05,25.01,"hsa-miR-30d*","Plate 2"
"741","O21",29.1,29.08,29.29,20.54,20.64,20.65,"hsa-miR-493*","Plate 2"
"742","O22",30.85,30.58,31.03,17.99,18.07,18.05,"hsa-miR-1976","Plate 2"
"743","O23",36.58,NA,36.69,18.39,18.41,18.44,"hsa-miR-4274","Plate 2"
"744","O24",25.88,26.08,26.06,37.86,38.02,37.93,"hsa-miR-3165","Plate 2"
"745","P01",27.25,27.12,27.36,23.24,23.35,23.42,"hsa-miR-4308","Plate 2"
"746","P02",25.53,25.64,25.78,23.2,23.4,23.4,"hsa-miR-520a-3p","Plate 2"
"747","P03",23.16,23.26,23.33,23.29,23.41,23.43,"hsa-miR-3160-3p","Plate 2"
"748","P04",35.82,36.96,NA,21.01,20.83,20.93,"hsa-miR-4316","Plate 2"
"749","P05",34.39,33.94,35.42,20.91,20.72,20.8,"hsa-miR-3144-3p","Plate 2"
"750","P06",28.09,28.05,28.11,20.43,20.51,20.82,"hsa-miR-3138","Plate 2"
"751","P07",29.43,29.36,29.69,31.71,31.99,31.61,"hsa-miR-136","Plate 2"
"752","P08",31.4,31.41,31.37,27.41,27.59,27.58,"hsa-miR-509-3p","Plate 2"
"753","P09",25.69,25.89,25.96,25.93,26.04,25.98,"hsa-miR-589*","Plate 2"
"754","P10",32.22,32.34,32.46,24.5,24.68,24.56,"hsa-miR-3910","Plate 2"
"755","P11",28.69,28.99,29.19,31.04,31.48,31.45,"hsa-miR-548q","Plate 2"
"756","P12",26.38,26.67,26.62,23.77,23.84,23.85,"hsa-miR-2278","Plate 2"
"757","P13",NA,38.17,NA,NA,35.15,37.28,"cel-miR-39","Plate 2"
"758","P14",37.36,34.89,36.4,NA,NA,39.87,"cel-miR-39","Plate 2"
"759","P15",23.68,23.26,22.92,23.33,24.34,22.27,"SNORD61","Plate 2"
"760","P16",21.74,20.91,20.9,20.41,20.8,19.78,"SNORD68","Plate 2"
"761","P17",23.19,23.18,23.31,18.39,18.41,18.44,"SNORD72","Plate 2"
"762","P18",23.23,23.25,23.32,37.86,38.02,37.93,"SNORD95","Plate 2"
"763","P19",20.72,20.82,20.95,23.24,23.35,23.42,"SNORD96A","Plate 2"
"764","P20",20.71,20.6,20.8,23.2,23.4,23.4,"RNU6-2","Plate 2"
"765","P21",23.23,23.25,23.32,23.29,23.41,23.43,"miRTC","Plate 2"
"766","P22",20.72,20.82,20.95,21.01,20.83,20.93,"miRTC","Plate 2"
"767","P23",20.71,20.6,20.8,20.91,20.72,20.8,"PPC","Plate 2"
"768","P24",21.01,20.64,20.66,20.43,20.51,20.82,"PPC","Plate 2"
"769","A01",25.54,25.46,26.05,24.2,24.19,24.33,"hsa-miR-4315","Plate 3"
"770","A02",33.56,34.04,33.41,31.71,31.99,31.61,"hsa-miR-644","Plate 3"
"771","A03",30.86,31.17,31.26,27.41,27.59,27.58,"hsa-miR-2110","Plate 3"
"772","A04",28.55,29,29.24,25.93,26.04,25.98,"hsa-miR-27b*","Plate 3"
"773","A05",26.1,26.1,26.28,24.5,24.68,24.56,"hsa-miR-3607-3p","Plate 3"
"774","A06",32.01,32.33,32.7,31.04,31.48,31.45,"hsa-miR-3173-3p","Plate 3"
"775","A07",26.27,26.37,26.38,23.77,23.84,23.85,"hsa-miR-320e","Plate 3"
"776","A08",30.02,29.96,30.23,27.76,28.02,27.8,"hsa-miR-548x","Plate 3"
"777","A09",27.93,28.37,28.61,27.36,27.53,27.4,"hsa-miR-3613-3p","Plate 3"
"778","A10",33.59,33.97,33.49,28.75,29.06,28.85,"hsa-miR-3154","Plate 3"
"779","A11",31.81,31.96,31.83,27.96,28,27.86,"hsa-miR-302e","Plate 3"
"780","A12",31.85,31.97,31.82,25.7,25.67,25.86,"hsa-miR-3913-5p","Plate 3"
"781","A13",31.36,31.73,31.76,26.45,26.59,26.53,"hsa-miR-924","Plate 3"
"782","A14",29.46,29.52,29.53,25.28,25.36,25.37,"hsa-miR-3670","Plate 3"
"783","A15",30.18,30.38,30.68,27.97,28.43,28.16,"hsa-miR-2355-3p","Plate 3"
"784","A16",28.29,28.44,28.68,26.9,27.42,27.3,"hsa-miR-3607-5p","Plate 3"
"785","A17",34.2,34.06,34.04,33.1,33.29,32.83,"hsa-miR-3667-5p","Plate 3"
"786","A18",26.28,26.33,26.52,24.03,24.13,24.02,"hsa-miR-518e","Plate 3"
"787","A19",30.49,30.34,30.31,26.73,27.1,26.83,"hsa-miR-4276","Plate 3"
"788","A20",25.46,25.7,25.79,NA,25.16,25.14,"hsa-miR-624","Plate 3"
"789","A21",29.8,29.94,30.28,26.48,26.65,26.57,"hsa-miR-3612","Plate 3"
"790","A22",32.91,NA,33.34,31.12,30.99,31.01,"hsa-miR-4254","Plate 3"
"791","A23",27.02,27.25,27.3,24.05,24.19,24.12,"hsa-miR-4260","Plate 3"
"792","A24",29.16,29.32,29.35,26.52,26.68,26.82,"hsa-miR-885-3p","Plate 3"
"793","B01",34.26,34.33,35.08,32.71,34.81,33.67,"hsa-miR-4324","Plate 3"
"794","B02",24.44,24.36,24.72,24.47,24.66,24.67,"hsa-miR-3938","Plate 3"
"795","B03",32.81,32.52,32.48,27.93,28.02,28.01,"hsa-miR-642b","Plate 3"
"796","B04",27.88,27.92,28.19,25.76,25.72,25.8,"hsa-miR-548v","Plate 3"
"797","B05",NA,37.32,NA,34.55,33.54,33.76,"hsa-miR-4262","Plate 3"
"798","B06",NA,36.8,37.87,33.27,33.79,34.48,"hsa-miR-3118","Plate 3"
"799","B07",28.05,28.18,28.21,28.69,29.15,28.92,"hsa-miR-3919","Plate 3"
"800","B08",27.58,27.54,27.65,23.67,23.71,23.69,"hsa-miR-3137","Plate 3"
"801","B09",26.96,27.19,27.2,24.22,24.38,24.17,"hsa-miR-3605-3p","Plate 3"
"802","B10",29.42,29.52,29.55,24.37,24.51,24.51,"hsa-miR-3666","Plate 3"
"803","B11",26.69,26.96,27.01,25.34,25.5,25.48,"hsa-miR-645","Plate 3"
"804","B12",30.41,30.29,30.38,27.12,27.15,27.19,"hsa-miR-617","Plate 3"
"805","B13",26.35,26.34,26.5,24.08,24.2,24.22,"hsa-miR-3149","Plate 3"
"806","B14",25.17,25.17,25.32,22.21,22.35,22.24,"hsa-miR-323b-3p","Plate 3"
"807","B15",32.35,32.5,32.59,29.92,30.05,29.95,"hsa-miR-4255","Plate 3"
"808","B16",26.22,26.21,26.32,25.18,25.24,25.23,"hsa-miR-551b*","Plate 3"
"809","B17",25.67,25.79,26.01,25.27,25.39,25.36,"hsa-miR-3912","Plate 3"
"810","B18",27.26,27.43,27.6,25.48,25.62,25.41,"hsa-miR-3925-5p","Plate 3"
"811","B19",25.27,25.32,25.39,25.08,25.09,25.14,"hsa-miR-4285","Plate 3"
"812","B20",26.42,26.48,26.64,24,24.03,24.04,"hsa-miR-4252","Plate 3"
"813","B21",27.97,28.17,28.2,24.53,24.6,24.49,"hsa-miR-1193","Plate 3"
"814","B22",30.96,31.41,31.39,23.24,23.43,23.33,"hsa-miR-483-5p","Plate 3"
"815","B23",25.21,25.34,25.45,23.31,23.59,23.62,"hsa-miR-4295","Plate 3"
"816","B24",29.12,29.23,29.29,26.2,26.22,26.15,"hsa-miR-3669","Plate 3"
"817","C01",27.59,27.62,27.78,25.11,25.27,25.22,"hsa-miR-1260b","Plate 3"
"818","C02",27.38,27.53,27.6,24.07,24.15,24.13,"hsa-miR-3667-3p","Plate 3"
"819","C03",28.59,28.6,28.69,27.61,27.81,27.71,"hsa-miR-604","Plate 3"
"820","C04",26.91,26.96,27.14,26.2,26.16,26.18,"hsa-miR-1248","Plate 3"
"821","C05",27.07,27.07,27.16,24.42,24.52,24.53,"hsa-miR-4312","Plate 3"
"822","C06",27,27.22,27.41,25.4,25.71,25.68,"hsa-miR-154","Plate 3"
"823","C07",25.79,25.86,26.02,23.13,23.61,23.51,"hsa-miR-4326","Plate 3"
"824","C08",26.69,26.57,26.88,27.49,27.46,27.69,"hsa-miR-4304","Plate 3"
"825","C09",27.35,27.69,27.73,27.79,28.01,28.08,"hsa-miR-3918","Plate 3"
"826","C10",29.35,29.56,29.77,27.91,28.11,28.14,"hsa-miR-3674","Plate 3"
"827","C11",27.76,28.03,28.26,25.47,25.6,25.57,"hsa-miR-3174","Plate 3"
"828","C12",28.55,28.73,28.85,25.29,25.41,25.39,"hsa-miR-3671","Plate 3"
"829","C13",29.63,29.52,29.89,25.6,25.73,25.69,"hsa-miR-466","Plate 3"
"830","C14",27.29,27.31,27.47,22.91,23.04,23.02,"hsa-miR-3175","Plate 3"
"831","C15",26.17,26.21,26.38,24.4,24.56,24.47,"hsa-miR-4294","Plate 3"
"832","C16",35.94,36.02,36.14,32.89,32.67,32.79,"hsa-miR-3182","Plate 3"
"833","C17",25.36,25.37,25.49,24.45,24.71,24.57,"hsa-miR-548aa","Plate 3"
"834","C18",39.26,37.24,35.58,24.1,24.14,24.13,"hsa-miR-3678-5p","Plate 3"
"835","C19",27.78,27.83,28.01,24.51,25.01,24.87,"hsa-miR-3124-5p","Plate 3"
"836","C20",28.82,28.94,29.06,31.07,31.36,31.08,"hsa-miR-3162-5p","Plate 3"
"837","C21",29.1,29.08,29.29,26.79,26.72,26.8,"hsa-miR-3684","Plate 3"
"838","C22",30.85,30.58,31.03,28.92,29.03,28.99,"hsa-miR-3659","Plate 3"
"839","C23",36.58,NA,36.69,31.31,31.1,31.41,"hsa-miR-4325","Plate 3"
"840","C24",25.88,26.08,26.06,24.06,24.15,24.13,"hsa-miR-34c-3p","Plate 3"
"841","D01",27.25,27.12,27.36,24.81,24.99,25,"hsa-miR-2355-5p","Plate 3"
"842","D02",25.53,25.64,25.78,23.11,23.21,23.14,"hsa-miR-548y","Plate 3"
"843","D03",23.16,23.26,23.33,21.31,21.41,21.37,"hsa-miR-553","Plate 3"
"844","D04",35.82,36.96,NA,34.1,34.27,34.25,"hsa-miR-676","Plate 3"
"845","D05",34.39,33.94,35.42,30.14,29.97,30.07,"hsa-miR-3199","Plate 3"
"846","D06",28.09,28.05,28.11,25.61,25.83,25.95,"hsa-miR-670","Plate 3"
"847","D07",29.43,29.36,29.69,28.19,28.55,28.42,"hsa-miR-16-2*","Plate 3"
"848","D08",31.4,31.41,31.37,28.37,28.82,28.78,"hsa-miR-187*","Plate 3"
"849","D09",25.69,25.89,25.96,24.71,24.35,24.44,"hsa-miR-593*","Plate 3"
"850","D10",32.22,32.34,32.46,30.12,30.24,30.1,"hsa-miR-3130-5p","Plate 3"
"851","D11",28.69,28.99,29.19,29,29.12,28.97,"hsa-miR-4293","Plate 3"
"852","D12",26.38,26.67,26.62,24.62,24.63,24.76,"hsa-miR-3921","Plate 3"
"853","D13",19.73,19.76,19.9,16.75,16.81,16.9,"hsa-miR-3682-3p","Plate 3"
"854","D14",28,27.94,28.17,25.03,25.05,25.01,"hsa-miR-548s","Plate 3"
"855","D15",23.02,23.05,23.19,20.54,20.64,20.65,"hsa-miR-147b","Plate 3"
"856","D16",21.06,21.09,21.17,17.99,18.07,18.05,"hsa-miR-3907","Plate 3"
"857","D17",20.26,20.33,20.45,18.39,18.41,18.44,"hsa-miR-3943","Plate 3"
"858","D18",NA,35.6,39,37.86,38.02,37.93,"hsa-miR-3675-5p","Plate 3"
"859","D19",23.13,23.2,23.31,23.24,23.35,23.42,"hsa-miR-378b","Plate 3"
"860","D20",23.19,23.18,23.31,23.2,23.4,23.4,"hsa-miR-3685","Plate 3"
"861","D21",23.23,23.25,23.32,23.29,23.41,23.43,"hsa-miR-508-5p","Plate 3"
"862","D22",20.72,20.82,20.95,21.01,20.83,20.93,"hsa-miR-3606","Plate 3"
"863","D23",20.71,20.6,20.8,20.91,20.72,20.8,"hsa-miR-3120-3p","Plate 3"
"864","D24",21.01,20.64,20.66,20.43,20.51,20.82,"hsa-miR-3194-5p","Plate 3"
"865","E01",25.54,25.46,26.05,31.71,31.99,31.61,"hsa-miR-377","Plate 3"
"866","E02",33.56,34.04,33.41,27.41,27.59,27.58,"hsa-miR-1912","Plate 3"
"867","E03",30.86,31.17,31.26,25.93,26.04,25.98,"hsa-miR-3164","Plate 3"
"868","E04",28.55,29,29.24,24.5,24.68,24.56,"hsa-miR-182*","Plate 3"
"869","E05",26.1,26.1,26.28,31.04,31.48,31.45,"hsa-miR-4261","Plate 3"
"870","E06",32.01,32.33,32.7,23.77,23.84,23.85,"hsa-miR-490-5p","Plate 3"
"871","E07",26.27,26.37,26.38,27.76,28.02,27.8,"hsa-miR-3681*","Plate 3"
"872","E08",30.02,29.96,30.23,27.36,27.53,27.4,"hsa-miR-640","Plate 3"
"873","E09",27.93,28.37,28.61,28.75,29.06,28.85,"hsa-miR-3713","Plate 3"
"874","E10",33.59,33.97,33.49,27.96,28,27.86,"hsa-miR-3616-3p","Plate 3"
"875","E11",31.81,31.96,31.83,25.7,25.67,25.86,"hsa-miR-3616-5p","Plate 3"
"876","E12",31.85,31.97,31.82,26.45,26.59,26.53,"hsa-miR-4288","Plate 3"
"877","E13",31.36,31.73,31.76,25.28,25.36,25.37,"hsa-miR-4273","Plate 3"
"878","E14",29.46,29.52,29.53,27.97,28.43,28.16,"hsa-miR-4291","Plate 3"
"879","E15",30.18,30.38,30.68,26.9,27.42,27.3,"hsa-miR-654-5p","Plate 3"
"880","E16",28.29,28.44,28.68,33.1,33.29,32.83,"hsa-miR-764","Plate 3"
"881","E17",34.2,34.06,34.04,24.03,24.13,24.02,"hsa-miR-3945","Plate 3"
"882","E18",26.28,26.33,26.52,26.73,27.1,26.83,"hsa-miR-2117","Plate 3"
"883","E19",30.49,30.34,30.31,NA,25.16,25.14,"hsa-miR-4283","Plate 3"
"884","E20",25.46,25.7,25.79,26.48,26.65,26.57,"hsa-miR-3186-3p","Plate 3"
"885","E21",29.8,29.94,30.28,31.12,30.99,31.01,"hsa-miR-3662","Plate 3"
"886","E22",32.91,NA,33.34,24.05,24.19,24.12,"hsa-miR-4311","Plate 3"
"887","E23",27.02,27.25,27.3,26.52,26.68,26.82,"hsa-miR-3163","Plate 3"
"888","E24",29.16,29.32,29.35,32.71,34.81,33.67,"hsa-miR-3935","Plate 3"
"889","F01",34.26,34.33,35.08,24.47,24.66,24.67,"hsa-miR-2276","Plate 3"
"890","F02",24.44,24.36,24.72,27.93,28.02,28.01,"hsa-miR-514b-3p","Plate 3"
"891","F03",32.81,32.52,32.48,25.76,25.72,25.8,"hsa-miR-4307","Plate 3"
"892","F04",27.88,27.92,28.19,34.55,33.54,33.76,"hsa-miR-100*","Plate 3"
"893","F05",NA,37.32,NA,33.27,33.79,34.48,"hsa-miR-1255b","Plate 3"
"894","F06",NA,36.8,37.87,28.69,29.15,28.92,"hsa-miR-1827","Plate 3"
"895","F07",28.05,28.18,28.21,23.67,23.71,23.69,"hsa-miR-4328","Plate 3"
"896","F08",27.58,27.54,27.65,24.22,24.38,24.17,"hsa-miR-3200-5p","Plate 3"
"897","F09",26.96,27.19,27.2,24.37,24.51,24.51,"hsa-miR-3122","Plate 3"
"898","F10",29.42,29.52,29.55,25.34,25.5,25.48,"hsa-miR-3654","Plate 3"
"899","F11",26.69,26.96,27.01,27.12,27.15,27.19,"hsa-miR-1273d","Plate 3"
"900","F12",30.41,30.29,30.38,24.08,24.2,24.22,"hsa-miR-4282","Plate 3"
"901","F13",26.35,26.34,26.5,22.21,22.35,22.24,"hsa-miR-374c","Plate 3"
"902","F14",25.17,25.17,25.32,29.92,30.05,29.95,"hsa-miR-296-3p","Plate 3"
"903","F15",32.35,32.5,32.59,25.18,25.24,25.23,"hsa-miR-3146","Plate 3"
"904","F16",26.22,26.21,26.32,25.27,25.39,25.36,"hsa-miR-4280","Plate 3"
"905","F17",25.67,25.79,26.01,25.48,25.62,25.41,"hsa-miR-548w","Plate 3"
"906","F18",27.26,27.43,27.6,25.08,25.09,25.14,"hsa-miR-3147","Plate 3"
"907","F19",25.27,25.32,25.39,24,24.03,24.04,"hsa-miR-887","Plate 3"
"908","F20",26.42,26.48,26.64,24.53,24.6,24.49,"hsa-miR-3143","Plate 3"
"909","F21",27.97,28.17,28.2,23.24,23.43,23.33,"hsa-miR-4268","Plate 3"
"910","F22",30.96,31.41,31.39,23.31,23.59,23.62,"hsa-miR-1911*","Plate 3"
"911","F23",25.21,25.34,25.45,26.2,26.22,26.15,"hsa-miR-519b-3p","Plate 3"
"912","F24",29.12,29.23,29.29,25.11,25.27,25.22,"hsa-miR-3680","Plate 3"
"913","G01",27.59,27.62,27.78,24.07,24.15,24.13,"hsa-miR-16-1*","Plate 3"
"914","G02",27.38,27.53,27.6,27.61,27.81,27.71,"hsa-miR-4277","Plate 3"
"915","G03",28.59,28.6,28.69,26.2,26.16,26.18,"hsa-miR-3917","Plate 3"
"916","G04",26.91,26.96,27.14,24.42,24.52,24.53,"hsa-miR-668","Plate 3"
"917","G05",27.07,27.07,27.16,25.4,25.71,25.68,"hsa-miR-3185","Plate 3"
"918","G06",27,27.22,27.41,23.13,23.61,23.51,"hsa-miR-500a*","Plate 3"
"919","G07",25.79,25.86,26.02,27.49,27.46,27.69,"hsa-miR-3926","Plate 3"
"920","G08",26.69,26.57,26.88,27.79,28.01,28.08,"hsa-miR-892b","Plate 3"
"921","G09",27.35,27.69,27.73,27.91,28.11,28.14,"hsa-miR-3140-3p","Plate 3"
"922","G10",29.35,29.56,29.77,25.47,25.6,25.57,"hsa-miR-3611","Plate 3"
"923","G11",27.76,28.03,28.26,25.29,25.41,25.39,"hsa-miR-3142","Plate 3"
"924","G12",28.55,28.73,28.85,25.6,25.73,25.69,"hsa-miR-26b*","Plate 3"
"925","G13",29.63,29.52,29.89,22.91,23.04,23.02,"hsa-miR-744*","Plate 3"
"926","G14",27.29,27.31,27.47,24.4,24.56,24.47,"hsa-miR-1914","Plate 3"
"927","G15",26.17,26.21,26.38,32.89,32.67,32.79,"hsa-miR-1909*","Plate 3"
"928","G16",35.94,36.02,36.14,24.45,24.71,24.57,"hsa-miR-3676","Plate 3"
"929","G17",25.36,25.37,25.49,24.1,24.14,24.13,"hsa-miR-4302","Plate 3"
"930","G18",39.26,37.24,35.58,24.51,25.01,24.87,"hsa-miR-338-5p","Plate 3"
"931","G19",27.78,27.83,28.01,31.07,31.36,31.08,"hsa-miR-339-3p","Plate 3"
"932","G20",28.82,28.94,29.06,26.79,26.72,26.8,"hsa-miR-2114*","Plate 3"
"933","G21",29.1,29.08,29.29,28.92,29.03,28.99,"hsa-miR-4286","Plate 3"
"934","G22",30.85,30.58,31.03,31.31,31.1,31.41,"hsa-miR-3618","Plate 3"
"935","G23",36.58,NA,36.69,24.06,24.15,24.13,"hsa-miR-3683","Plate 3"
"936","G24",25.88,26.08,26.06,24.81,24.99,25,"hsa-miR-4314","Plate 3"
"937","H01",27.25,27.12,27.36,23.11,23.21,23.14,"hsa-miR-3132","Plate 3"
"938","H02",25.53,25.64,25.78,21.31,21.41,21.37,"hsa-miR-520a-5p","Plate 3"
"939","H03",23.16,23.26,23.33,34.1,34.27,34.25,"hsa-miR-1910","Plate 3"
"940","H04",35.82,36.96,NA,30.14,29.97,30.07,"hsa-miR-3679-3p","Plate 3"
"941","H05",34.39,33.94,35.42,25.61,25.83,25.95,"hsa-miR-3658","Plate 3"
"942","H06",28.09,28.05,28.11,28.19,28.55,28.42,"hsa-miR-3915","Plate 3"
"943","H07",29.43,29.36,29.69,28.37,28.82,28.78,"hsa-miR-3688-3p","Plate 3"
"944","H08",31.4,31.41,31.37,24.71,24.35,24.44,"hsa-miR-4253","Plate 3"
"945","H09",25.69,25.89,25.96,30.12,30.24,30.1,"hsa-miR-4301","Plate 3"
"946","H10",32.22,32.34,32.46,29,29.12,28.97,"hsa-miR-3158-3p","Plate 3"
"947","H11",28.69,28.99,29.19,24.62,24.63,24.76,"hsa-miR-3202","Plate 3"
"948","H12",26.38,26.67,26.62,16.75,16.81,16.9,"hsa-miR-3127-5p","Plate 3"
"949","H13",19.73,19.76,19.9,25.03,25.05,25.01,"hsa-miR-449c*","Plate 3"
"950","H14",28,27.94,28.17,20.54,20.64,20.65,"hsa-miR-214*","Plate 3"
"951","H15",23.02,23.05,23.19,17.99,18.07,18.05,"hsa-miR-3942-5p","Plate 3"
"952","H16",21.06,21.09,21.17,18.39,18.41,18.44,"hsa-miR-3691-5p","Plate 3"
"953","H17",20.26,20.33,20.45,37.86,38.02,37.93,"hsa-miR-3934","Plate 3"
"954","H18",32,35.6,39,23.24,23.35,23.42,"hsa-miR-4257","Plate 3"
"955","H19",23.13,23.2,23.31,23.2,23.4,23.4,"hsa-miR-3672","Plate 3"
"956","H20",23.19,23.18,23.31,23.29,23.41,23.43,"hsa-miR-125a-3p","Plate 3"
"957","H21",23.23,23.25,23.32,21.01,20.83,20.93,"hsa-miR-3651","Plate 3"
"958","H22",20.72,20.82,20.95,20.91,20.72,20.8,"hsa-miR-2116","Plate 3"
"959","H23",20.71,20.6,20.8,20.43,20.51,20.82,"hsa-miR-507","Plate 3"
"960","H24",21.01,20.64,20.66,24.2,24.19,24.33,"hsa-miR-2909","Plate 3"
"961","I01",25.54,25.46,26.05,31.12,30.99,31.01,"hsa-miR-2113","Plate 3"
"962","I02",33.56,34.04,33.41,24.05,24.19,24.12,"hsa-miR-3622b-3p","Plate 3"
"963","I03",30.86,31.17,31.26,26.52,26.68,26.82,"hsa-miR-4289","Plate 3"
"964","I04",28.55,29,29.24,32.71,34.81,33.67,"hsa-miR-3687","Plate 3"
"965","I05",26.1,26.1,26.28,24.47,24.66,24.67,"hsa-miR-1261","Plate 3"
"966","I06",32.01,32.33,32.7,27.93,28.02,28.01,"hsa-miR-4305","Plate 3"
"967","I07",26.27,26.37,26.38,25.76,25.72,25.8,"hsa-miR-3692","Plate 3"
"968","I08",30.02,29.96,30.23,34.55,33.54,33.76,"hsa-miR-941","Plate 3"
"969","I09",27.93,28.37,28.61,33.27,33.79,34.48,"hsa-miR-2052","Plate 3"
"970","I10",33.59,33.97,33.49,28.69,29.15,28.92,"hsa-miR-199b-5p","Plate 3"
"971","I11",31.81,31.96,31.83,23.67,23.71,23.69,"hsa-miR-3130-3p","Plate 3"
"972","I12",31.85,31.97,31.82,24.22,24.38,24.17,"hsa-miR-23c","Plate 3"
"973","I13",31.36,31.73,31.76,24.37,24.51,24.51,"hsa-miR-3119","Plate 3"
"974","I14",29.46,29.52,29.53,25.34,25.5,25.48,"hsa-miR-4272","Plate 3"
"975","I15",30.18,30.38,30.68,27.12,27.15,27.19,"hsa-miR-3200-3p","Plate 3"
"976","I16",28.29,28.44,28.68,24.08,24.2,24.22,"hsa-miR-378c","Plate 3"
"977","I17",34.2,34.06,34.04,22.21,22.35,22.24,"hsa-miR-3168","Plate 3"
"978","I18",26.28,26.33,26.52,29.92,30.05,29.95,"hsa-miR-107","Plate 3"
"979","I19",30.49,30.34,30.31,25.18,25.24,25.23,"hsa-miR-330-5p","Plate 3"
"980","I20",25.46,25.7,25.79,25.27,25.39,25.36,"hsa-miR-181c*","Plate 3"
"981","I21",29.8,29.94,30.28,25.48,25.62,25.41,"hsa-miR-3647-3p","Plate 3"
"982","I22",32.91,NA,33.34,25.08,25.09,25.14,"hsa-miR-3939","Plate 3"
"983","I23",27.02,27.25,27.3,24,24.03,24.04,"hsa-miR-2115*","Plate 3"
"984","I24",29.16,29.32,29.35,24.53,24.6,24.49,"hsa-miR-3117-3p","Plate 3"
"985","J01",34.26,34.33,35.08,23.24,23.43,23.33,"hsa-miR-130a*","Plate 3"
"986","J02",24.44,24.36,24.72,23.31,23.59,23.62,"hsa-miR-934","Plate 3"
"987","J03",32.81,32.52,32.48,26.2,26.22,26.15,"hsa-miR-3622a-5p","Plate 3"
"988","J04",27.88,27.92,28.19,25.11,25.27,25.22,"hsa-miR-302f","Plate 3"
"989","J05",NA,37.32,NA,24.07,24.15,24.13,"hsa-miR-200b","Plate 3"
"990","J06",NA,36.8,37.87,27.61,27.81,27.71,"hsa-miR-3201","Plate 3"
"991","J07",28.05,28.18,28.21,26.2,26.16,26.18,"hsa-miR-3922-3p","Plate 3"
"992","J08",27.58,27.54,27.65,24.42,24.52,24.53,"hsa-miR-92b","Plate 3"
"993","J09",26.96,27.19,27.2,25.4,25.71,25.68,"hsa-miR-3605-5p","Plate 3"
"994","J10",29.42,29.52,29.55,23.13,23.61,23.51,"hsa-miR-3909","Plate 3"
"995","J11",26.69,26.96,27.01,27.49,27.46,27.69,"hsa-miR-550a","Plate 3"
"996","J12",30.41,30.29,30.38,27.79,28.01,28.08,"hsa-miR-4310","Plate 3"
"997","J13",26.35,26.34,26.5,27.91,28.11,28.14,"hsa-miR-586","Plate 3"
"998","J14",25.17,25.17,25.32,25.47,25.6,25.57,"hsa-miR-598","Plate 3"
"999","J15",32.35,32.5,32.59,25.29,25.41,25.39,"hsa-miR-3914","Plate 3"
"1000","J16",26.22,26.21,26.32,25.6,25.73,25.69,"hsa-miR-3678-3p","Plate 3"
"1001","J17",25.67,25.79,26.01,22.91,23.04,23.02,"hsa-miR-525-5p","Plate 3"
"1002","J18",27.26,27.43,27.6,24.4,24.56,24.47,"hsa-miR-4319","Plate 3"
"1003","J19",25.27,25.32,25.39,32.89,32.67,32.79,"hsa-miR-3679-5p","Plate 3"
"1004","J20",26.42,26.48,26.64,24.45,24.71,24.57,"hsa-miR-4300","Plate 3"
"1005","J21",27.97,28.17,28.2,24.1,24.14,24.13,"hsa-miR-517*","Plate 3"
"1006","J22",30.96,31.41,31.39,24.51,25.01,24.87,"hsa-miR-4265","Plate 3"
"1007","J23",25.21,25.34,25.45,31.07,31.36,31.08,"hsa-miR-3150b-3p","Plate 3"
"1008","J24",29.12,29.23,29.29,26.79,26.72,26.8,"hsa-miR-3661","Plate 3"
"1009","K01",27.59,27.62,27.78,28.92,29.03,28.99,"hsa-miR-2116*","Plate 3"
"1010","K02",27.38,27.53,27.6,31.31,31.1,31.41,"hsa-miR-1293","Plate 3"
"1011","K03",28.59,28.6,28.69,24.06,24.15,24.13,"hsa-miR-921","Plate 3"
"1012","K04",26.91,26.96,27.14,24.81,24.99,25,"hsa-miR-4279","Plate 3"
"1013","K05",27.07,27.07,27.16,23.11,23.21,23.14,"hsa-miR-4303","Plate 3"
"1014","K06",27,27.22,27.41,21.31,21.41,21.37,"hsa-miR-3126-3p","Plate 3"
"1015","K07",25.79,25.86,26.02,34.1,34.27,34.25,"hsa-miR-3176","Plate 3"
"1016","K08",26.69,26.57,26.88,30.14,29.97,30.07,"hsa-miR-676*","Plate 3"
"1017","K09",27.35,27.69,27.73,25.61,25.83,25.95,"hsa-miR-3167","Plate 3"
"1018","K10",29.35,29.56,29.77,28.19,28.55,28.42,"hsa-miR-3166","Plate 3"
"1019","K11",27.76,28.03,28.26,28.37,28.82,28.78,"hsa-miR-3927","Plate 3"
"1020","K12",28.55,28.73,28.85,24.71,24.35,24.44,"hsa-miR-3126-5p","Plate 3"
"1021","K13",29.63,29.52,29.89,30.12,30.24,30.1,"hsa-miR-3184","Plate 3"
"1022","K14",27.29,27.31,27.47,29,29.12,28.97,"hsa-miR-3065-5p","Plate 3"
"1023","K15",26.17,26.21,26.38,24.62,24.63,24.76,"hsa-miR-550b","Plate 3"
"1024","K16",35.94,36.02,36.14,16.75,16.81,16.9,"hsa-miR-3617","Plate 3"
"1025","K17",25.36,25.37,25.49,25.03,25.05,25.01,"hsa-miR-3649","Plate 3"
"1026","K18",39.26,37.24,35.58,20.54,20.64,20.65,"hsa-miR-3647-5p","Plate 3"
"1027","K19",27.78,27.83,28.01,17.99,18.07,18.05,"hsa-miR-3650","Plate 3"
"1028","K20",28.82,28.94,29.06,18.39,18.41,18.44,"hsa-miR-4290","Plate 3"
"1029","K21",29.1,29.08,29.29,37.86,38.02,37.93,"hsa-miR-3161","Plate 3"
"1030","K22",30.85,30.58,31.03,23.24,23.35,23.42,"hsa-miR-642a","Plate 3"
"1031","K23",36.58,NA,36.69,23.2,23.4,23.4,"hsa-miR-3128","Plate 3"
"1032","K24",25.88,26.08,26.06,23.29,23.41,23.43,"hsa-miR-4267","Plate 3"
"1033","L01",27.25,27.12,27.36,21.01,20.83,20.93,"hsa-miR-4299","Plate 3"
"1034","L02",25.53,25.64,25.78,20.91,20.72,20.8,"hsa-miR-582-3p","Plate 3"
"1035","L03",23.16,23.26,23.33,20.43,20.51,20.82,"hsa-miR-877*","Plate 3"
"1036","L04",35.82,36.96,NA,31.71,31.99,31.61,"hsa-miR-3908","Plate 3"
"1037","L05",34.39,33.94,35.42,27.41,27.59,27.58,"hsa-miR-3681","Plate 3"
"1038","L06",28.09,28.05,28.11,25.93,26.04,25.98,"hsa-miR-3139","Plate 3"
"1039","L07",29.43,29.36,29.69,24.5,24.68,24.56,"hsa-miR-3664-5p","Plate 3"
"1040","L08",31.4,31.41,31.37,31.04,31.48,31.45,"hsa-miR-101*","Plate 3"
"1041","L09",25.69,25.89,25.96,23.77,23.84,23.85,"hsa-miR-616","Plate 3"
"1042","L10",32.22,32.34,32.46,27.76,28.02,27.8,"hsa-miR-550a*","Plate 3"
"1043","L11",28.69,28.99,29.19,27.36,27.53,27.4,"hsa-miR-3121-3p","Plate 3"
"1044","L12",26.38,26.67,26.62,28.75,29.06,28.85,"hsa-miR-1914*","Plate 3"
"1045","L13",19.73,19.76,19.9,27.96,28,27.86,"hsa-miR-3135","Plate 3"
"1046","L14",28,27.94,28.17,25.7,25.67,25.86,"hsa-miR-514b-5p","Plate 3"
"1047","L15",23.02,23.05,23.19,26.45,26.59,26.53,"hsa-miR-3652","Plate 3"
"1048","L16",21.06,21.09,21.17,25.28,25.36,25.37,"hsa-miR-3714","Plate 3"
"1049","L17",20.26,20.33,20.45,27.97,28.43,28.16,"hsa-miR-3186-5p","Plate 3"
"1050","L18",NA,35.6,39,26.9,27.42,27.3,"hsa-miR-4306","Plate 3"
"1051","L19",23.13,23.2,23.31,33.1,33.29,32.83,"hsa-miR-3125","Plate 3"
"1052","L20",23.19,23.18,23.31,24.03,24.13,24.02,"hsa-miR-4251","Plate 3"
"1053","L21",23.23,23.25,23.32,26.73,27.1,26.83,"hsa-miR-449c","Plate 3"
"1054","L22",20.72,20.82,20.95,NA,25.16,25.14,"hsa-miR-890","Plate 3"
"1055","L23",20.71,20.6,20.8,26.48,26.65,26.57,"hsa-miR-4258","Plate 3"
"1056","L24",21.01,20.64,20.66,31.12,30.99,31.01,"hsa-miR-761","Plate 3"
"1057","M01",25.54,25.46,26.05,24.05,24.19,24.12,"hsa-miR-4309","Plate 3"
"1058","M02",33.56,34.04,33.41,26.52,26.68,26.82,"hsa-miR-3177-3p","Plate 3"
"1059","M03",30.86,31.17,31.26,32.71,34.81,33.67,"hsa-miR-3668","Plate 3"
"1060","M04",28.55,29,29.24,31.12,30.99,31.01,"hsa-miR-4323","Plate 3"
"1061","M05",26.1,26.1,26.28,24.05,24.19,24.12,"hsa-miR-3660","Plate 3"
"1062","M06",32.01,32.33,32.7,26.52,26.68,26.82,"hsa-miR-3156-5p","Plate 3"
"1063","M07",26.27,26.37,26.38,32.71,34.81,33.67,"hsa-miR-4275","Plate 3"
"1064","M08",30.02,29.96,30.23,24.47,24.66,24.67,"hsa-miR-3074-3p","Plate 3"
"1065","M09",27.93,28.37,28.61,27.93,28.02,28.01,"hsa-miR-3920","Plate 3"
"1066","M10",33.59,33.97,33.49,25.76,25.72,25.8,"hsa-miR-4296","Plate 3"
"1067","M11",31.81,31.96,31.83,34.55,33.54,33.76,"hsa-miR-4263","Plate 3"
"1068","M12",31.85,31.97,31.82,33.27,33.79,34.48,"hsa-miR-876-5p","Plate 3"
"1069","M13",31.36,31.73,31.76,28.69,29.15,28.92,"hsa-miR-3675-3p","Plate 3"
"1070","M14",29.46,29.52,29.53,23.67,23.71,23.69,"hsa-miR-3170","Plate 3"
"1071","M15",30.18,30.38,30.68,24.22,24.38,24.17,"hsa-miR-759","Plate 3"
"1072","M16",28.29,28.44,28.68,24.37,24.51,24.51,"hsa-miR-204","Plate 3"
"1073","M17",34.2,34.06,34.04,25.34,25.5,25.48,"hsa-miR-3171","Plate 3"
"1074","M18",26.28,26.33,26.52,27.12,27.15,27.19,"hsa-miR-1911","Plate 3"
"1075","M19",30.49,30.34,30.31,24.08,24.2,24.22,"hsa-miR-4330","Plate 3"
"1076","M20",25.46,25.7,25.79,22.21,22.35,22.24,"hsa-miR-3653","Plate 3"
"1077","M21",29.8,29.94,30.28,29.92,30.05,29.95,"hsa-miR-3134","Plate 3"
"1078","M22",32.91,NA,33.34,25.18,25.24,25.23,"hsa-miR-3115","Plate 3"
"1079","M23",27.02,27.25,27.3,25.27,25.39,25.36,"hsa-let-7e*","Plate 3"
"1080","M24",29.16,29.32,29.35,25.48,25.62,25.41,"hsa-miR-4287","Plate 3"
"1081","N01",34.26,34.33,35.08,25.08,25.09,25.14,"hsa-miR-517a","Plate 3"
"1082","N02",24.44,24.36,24.72,24,24.03,24.04,"hsa-miR-517c","Plate 3"
"1083","N03",32.81,32.52,32.48,24.53,24.6,24.49,"hsa-miR-17 hsa-miR-106a","Plate 3"
"1084","N04",27.88,27.92,28.19,23.24,23.43,23.33,"hsa-miR-199a-3p hsa-miR-199b-3p","Plate 3"
"1085","N05",NA,37.32,NA,23.31,23.59,23.62,"hsa-miR-374b hsa-miR-374c","Plate 3"
"1086","N06",NA,36.8,37.87,26.2,26.22,26.15,"hsa-miR-516a-3p hsa-miR-516b*","Plate 3"
"1087","N07",28.05,28.18,28.21,25.11,25.27,25.22,"hsa-miR-520c-3p hsa-miR-520f","Plate 3"
"1088","N08",27.58,27.54,27.65,24.07,24.15,24.13,"hsa-miR-3155 hsa-miR-3155b","Plate 3"
"1089","N09",26.96,27.19,27.2,27.61,27.81,27.71,"hsa-miR-548am hsa-miR-548p","Plate 3"
"1090","N10",29.42,29.52,29.55,26.2,26.16,26.18,"hsa-miR-3689a-5p hsa-miR-3689b hsa-miR-3689e","Plate 3"
"1141","P13",NA,38.17,NA,NA,35.15,37.28,"cel-miR-39","Plate 3"
"1142","P14",37.36,34.89,36.4,NA,NA,39.87,"cel-miR-39","Plate 3"
"1143","P15",23.68,23.26,22.92,23.33,24.34,22.27,"SNORD61","Plate 3"
"1144","P16",21.74,20.91,20.9,20.41,20.8,19.78,"SNORD68","Plate 3"
"1145","P17",23.19,23.18,23.31,18.39,18.41,18.44,"SNORD72","Plate 3"
"1146","P18",23.23,23.25,23.32,37.86,38.02,37.93,"SNORD95","Plate 3"
"1147","P19",20.72,20.82,20.95,23.24,23.35,23.42,"SNORD96A","Plate 3"
"1148","P20",20.71,20.6,20.8,23.2,23.4,23.4,"RNU6-2","Plate 3"
"1149","P21",23.23,23.25,23.32,23.29,23.41,23.43,"miRTC","Plate 3"
"1150","P22",20.72,20.82,20.95,21.01,20.83,20.93,"miRTC","Plate 3"
"1151","P23",20.71,20.6,20.8,20.91,20.72,20.8,"PPC","Plate 3"
"1152","P24",21.01,20.64,20.66,20.43,20.51,20.82,"PPC","Plate 3"
